السنة ,Unnamed: 1,القيروان,السبيخة,الوسلاتية,الشبيكة,حفوز,العلا,الحاجب,نصرالله,بوحجلة,الشراردة,العلم,منزل المهيري,عين جلولة,المعدل الشهري 2019/2020,المعدل الشهري العام,الفارق (مم),_source_dataset,Annee,Délégation,Pluviometrie_campagne_mm,Moyenne_annuelle_pluviometrie,Difference_à_la_moyenne,Nbre_jour_precipitation,Delegation,Station,Moy_annuelle_mm,Periode_observation,Nbre_annee,Mois,Moyenne_mensuel_mm,Valeur_mensuel_mm,Temperature_moy_ pendant_periode_plus_froide,Temperature_moy_ pendant_periode_plus_chaude,Difference
2020.0,سبتمبـــــر,36.5,116.0,136.5,66.0,72.0,60.0,12.0,17.5,29.5,42.5,73.0,28.0,114.0,61.8,44.0,18.0,donnee-climatique,,,,,,,,,,,,,,,,,
2020.0,أكتوبــــــر,45.0,20.0,6.0,29.0,30.5,37.0,23.5,21.5,15.0,45.0,25.5,34.0,25.0,27.5,39.0,-12.0,donnee-climatique,,,,,,,,,,,,,,,,,
2020.0,نوفمبــــــر,44.1,29.5,39.5,33.0,26.5,40.0,29.0,22.5,28.0,31.5,28.0,31.0,22.0,31.1,27.0,4.0,donnee-climatique,,,,,,,,,,,,,,,,,
2020.0,ديسمبـــــر,11.6,33.0,8.5,16.0,5.5,7.5,4.0,1.5,3.0,9.0,17.0,6.0,13.0,10.4,25.0,-15.0,donnee-climatique,,,,,,,,,,,,,,,,,
2020.0,جانفـــــــي,1.3,4.0,5.0,4.0,13.0,9.0,7.0,6.0,7.0,24.5,5.0,9.0,7.0,7.8,29.0,-21.0,donnee-climatique,,,,,,,,,,,,,,,,,
2020.0,فيفـــــــري,3.0,5.0,0.0,0.0,4.0,0.0,2.0,4.0,1.0,0.0,5.0,6.0,4.0,2.6,21.0,-18.0,donnee-climatique,,,,,,,,,,,,,,,,,
2020.0,مــــــارس,53.5,53.0,67.0,48.0,80.0,90.0,67.0,78.0,64.0,80.0,49.5,85.0,54.0,66.8,34.0,33.0,donnee-climatique,,,,,,,,,,,,,,,,,
2020.0,أفريـــــــل,19.0,43.0,27.5,19.0,26.0,75.0,14.0,8.5,16.0,4.5,52.0,21.0,29.5,27.3,27.0,0.0,donnee-climatique,,,,,,,,,,,,,,,,,
2020.0,مـــــــــاي,0.2,0.0,3.0,0.0,0.0,0.0,11.0,11.5,8.0,7.5,0.0,4.0,2.5,3.7,24.0,-20.0,donnee-climatique,,,,,,,,,,,,,,,,,
2020.0,جــــــــوان,68.8,31.0,80.5,52.0,34.5,73.0,25.0,32.5,19.0,42.0,23.0,12.0,109.0,46.3,11.0,35.0,donnee-climatique,,,,,,,,,,,,,,,,,
2020.0,جويليــــــة,1.5,1.5,20.0,2.0,0.0,0.0,0.0,0.0,0.0,0.0,0.0,0.0,6.0,2.4,4.0,-2.0,donnee-climatique,,,,,,,,,,,,,,,,,
2020.0,أوت,0.5,8.0,7.0,3.0,0.0,6.0,0.0,1.5,0.0,0.0,10.0,7.0,5.0,3.7,14.0,-10.0,donnee-climatique,,,,,,,,,,,,,,,,,
2020.0,المجموع 2019/2020,285.0,344.0,400.5,272.0,292.0,397.5,194.5,205.0,190.5,286.5,288.0,243.0,391.0,291.5,,,donnee-climatique,,,,,,,,,,,,,,,,,
2020.0,المعدل السنوي العام,296.0,318.0,394.0,285.0,312.0,313.0,320.0,265.0,281.0,248.0,299.0,222.0,318.0,298.0,,,donnee-climatique,,,,,,,,,,,,,,,,,
2021.0,سبتمبـــــر,172.4,106.0,69.5,147.0,172.0,188.0,81.0,101.0,133.0,82.5,98.0,153.0,105.0,123.7,44.0,80.0,donnee-climatique,,,,,,,,,,,,,,,,,
2021.0,أكتوبــــــر,14.0,60.5,43.0,5.0,8.0,11.5,17.0,12.5,18.5,11.0,34.0,12.0,38.0,91.9,39.0,-17.0,donnee-climatique,,,,,,,,,,,,,,,,,
2021.0,نوفمبــــــر,21.8,37.0,14.5,18.0,15.0,15.0,8.0,11.5,13.0,32.0,52.0,24.0,24.0,22.0,27.0,-5.0,donnee-climatique,,,,,,,,,,,,,,,,,
2021.0,ديسمبـــــر,49.5,9.0,45.0,47.0,37.0,33.0,11.0,15.5,21.0,9.0,19.5,21.0,152.0,36.1,25.0,11.0,donnee-climatique,,,,,,,,,,,,,,,,,
2021.0,جانفـــــــي,14.5,0.0,0.0,8.0,7.0,4.0,8.0,5.0,1.5,0.0,0.0,0.0,0.0,3.7,29.0,-25.0,donnee-climatique,,,,,,,,,,,,,,,,,
2021.0,فيفـــــــري,2.7,1.0,2.5,6.0,0.0,0.0,4.0,1.5,0.0,1.0,0.0,0.0,0.0,1.4,21.0,-20.0,donnee-climatique,,,,,,,,,,,,,,,,,
2021.0,مــــــارس,34.2,36.5,30.0,32.5,26.0,31.0,27.0,27.0,29.0,33.0,42.0,22.0,30.0,30.8,34.0,-3.0,donnee-climatique,,,,,,,,,,,,,,,,,
2021.0,أفريـــــــل,9.0,15.0,23.0,12.5,12.0,5.0,6.0,8.5,28.0,10.0,9.0,0.0,0.0,10.6,27.0,-16.0,donnee-climatique,,,,,,,,,,,,,,,,,
2021.0,مـــــــــاي,6.0,14.0,12.0,6.0,31.0,22.0,8.0,2.5,0.0,22.0,16.0,5.0,17.0,12.4,24.0,-12.0,donnee-climatique,,,,,,,,,,,,,,,,,
2021.0,جــــــــوان,0.2,0.0,0.0,0.0,0.0,1.5,0.0,1.0,0.0,0.0,0.0,0.0,0.0,0.2,11.0,-11.0,donnee-climatique,,,,,,,,,,,,,,,,,
2021.0,جويليــــــة,0.8,0.0,0.0,0.0,0.0,0.0,0.0,0.0,0.0,0.0,0.0,0.0,0.0,0.1,4.0,-4.0,donnee-climatique,,,,,,,,,,,,,,,,,
2021.0,أوت,26.0,0.0,3.0,26.0,36.0,25.0,20.0,24.0,2.0,5.0,12.5,22.0,28.0,17.7,14.0,4.0,donnee-climatique,,,,,,,,,,,,,,,,,
2021.0,المجموع 2020/2021,351.1,279.0,242.5,308.0,344.0,336.0,190.0,210.0,246.0,205.5,283.0,259.0,394.0,280.6,,,donnee-climatique,,,,,,,,,,,,,,,,,
2021.0,المعدل السنوي العام,296.0,318.0,394.0,285.0,312.0,313.0,320.0,265.0,281.0,248.0,299.0,222.0,318.0,298.0,,,donnee-climatique,,,,,,,,,,,,,,,,,
2022.0,سبتمبـــــر,0.0,5.0,0.0,0.0,0.0,0.0,12.0,8.5,0.0,0.0,3.0,3.0,0.0,2.4,44.0,-42.0,donnee-climatique,,,,,,,,,,,,,,,,,
2022.0,أكتوبــــــر,7.5,5.0,8.0,4.0,0.0,1.0,1.0,13.0,5.0,45.0,4.0,7.0,1.0,7.8,39.0,-31.0,donnee-climatique,,,,,,,,,,,,,,,,,
2022.0,نوفمبــــــر,0.5,0.0,0.0,0.0,0.0,0.0,0.0,0.0,1.0,5.0,0.0,0.0,0.0,0.5,27.0,-27.0,donnee-climatique,,,,,,,,,,,,,,,,,
2022.0,ديسمبـــــر,2.0,12.0,0.0,3.5,0.0,0.0,0.0,0.0,0.0,0.0,4.0,3.0,0.0,1.9,25.0,-23.0,donnee-climatique,,,,,,,,,,,,,,,,,
2022.0,جانفـــــــي,28.0,59.0,17.0,18.5,30.0,23.0,25.0,25.0,26.5,25.0,25.0,20.0,30.0,27.1,29.0,-2.0,donnee-climatique,,,,,,,,,,,,,,,,,
2022.0,فيفـــــــري,2.5,7.0,5.0,2.0,6.0,6.0,4.0,4.0,4.0,6.0,4.0,4.0,5.0,4.6,21.0,-16.0,donnee-climatique,,,,,,,,,,,,,,,,,
2022.0,مــــــارس,125.5,211.5,100.0,117.0,182.0,154.0,131.0,129.0,146.5,115.5,101.0,138.5,133.0,137.3,34.0,103.0,donnee-climatique,,,,,,,,,,,,,,,,,
2022.0,أفريـــــــل,10.3,12.5,0.0,13.5,21.5,10.0,10.0,2.0,1.0,5.0,15.5,14.0,3.0,9.1,27.0,-18.0,donnee-climatique,,,,,,,,,,,,,,,,,
2022.0,مـــــــــاي,11.8,13.5,0.0,32.0,1.5,9.0,11.0,13.0,3.5,7.0,7.0,20.0,5.0,10.3,24.0,-14.0,donnee-climatique,,,,,,,,,,,,,,,,,
2022.0,جــــــــوان,0.0,0.0,0.0,0.0,0.0,0.0,0.0,0.0,0.0,0.0,0.0,0.0,0.0,0.0,11.0,-11.0,donnee-climatique,,,,,,,,,,,,,,,,,
2022.0,جويليــــــة,5.5,0.0,0.0,0.0,2.0,0.0,9.0,5.0,7.5,0.0,0.0,0.0,15.0,3.4,4.0,-1.0,donnee-climatique,,,,,,,,,,,,,,,,,
2022.0,أوت,3.2,0.0,0.0,49.0,17.0,15.0,12.0,10.0,3.0,8.0,0.0,18.0,7.0,10.9,11.0,-3.0,donnee-climatique,,,,,,,,,,,,,,,,,
2022.0,المجموع 2021/2022,196.8,325.5,130.0,239.5,260.0,218.0,215.0,209.5,198.0,216.5,163.5,227.5,199.0,10.9,,,donnee-climatique,,,,,,,,,,,,,,,,,
2022.0,المعدل السنوي العام,296.0,318.0,394.0,285.0,312.0,313.0,320.0,265.0,281.0,248.0,299.0,222.0,318.0,298.0,,,donnee-climatique,,,,,,,,,,,,,,,,,
,,,,,,,,,,,,,,,,,,donnees-climatiques-gouvernorat-de-siliana,2020.0,Siliana Nord,412.0,408.0,4,54.0,,,,,,,,,,,
,,,,,,,,,,,,,,,,,,donnees-climatiques-gouvernorat-de-siliana,2020.0,Siliana Sud,398.0,443.0,-45,60.0,,,,,,,,,,,
,,,,,,,,,,,,,,,,,,donnees-climatiques-gouvernorat-de-siliana,2020.0,Bargou,472.0,517.0,-45,56.0,,,,,,,,,,,
,,,,,,,,,,,,,,,,,,donnees-climatiques-gouvernorat-de-siliana,2020.0,Bouarada,323.0,373.0,-50,40.0,,,,,,,,,,,
,,,,,,,,,,,,,,,,,,donnees-climatiques-gouvernorat-de-siliana,2020.0,Lâroussa,353.5,411.0,-57.5,51.0,,,,,,,,,,,
,,,,,,,,,,,,,,,,,,donnees-climatiques-gouvernorat-de-siliana,2020.0,Gaafour,371.5,433.0,-61.5,48.0,,,,,,,,,,,
,,,,,,,,,,,,,,,,,,donnees-climatiques-gouvernorat-de-siliana,2020.0,El Krib,420.5,543.0,-122.5,56.0,,,,,,,,,,,
,,,,,,,,,,,,,,,,,,donnees-climatiques-gouvernorat-de-siliana,2020.0,Bourouis,378.0,496.0,-118,52.0,,,,,,,,,,,
,,,,,,,,,,,,,,,,,,donnees-climatiques-gouvernorat-de-siliana,2020.0,Makthar,485.0,494.0,-9,59.0,,,,,,,,,,,
,,,,,,,,,,,,,,,,,,donnees-climatiques-gouvernorat-de-siliana,2020.0,Kesra,446.0,429.0,17,56.0,,,,,,,,,,,
,,,,,,,,,,,,,,,,,,donnees-climatiques-gouvernorat-de-siliana,2020.0,Rouhia,305.5,345.0,-39.5,42.0,,,,,,,,,,,
,,,,,,,,,,,,,,,,,,donnees-climatiques-gouvernorat-de-siliana,2021.0,Siliana Nord,346.0,416.0,-70,31.0,,,,,,,,,,,
,,,,,,,,,,,,,,,,,,donnees-climatiques-gouvernorat-de-siliana,2021.0,Siliana Sud,271.0,441.0,-170,33.0,,,,,,,,,,,
,,,,,,,,,,,,,,,,,,donnees-climatiques-gouvernorat-de-siliana,2021.0,Bargou,399.0,529.0,-130,34.0,,,,,,,,,,,
,,,,,,,,,,,,,,,,,,donnees-climatiques-gouvernorat-de-siliana,2021.0,Bouarada,355.0,379.0,-24,25.0,,,,,,,,,,,
,,,,,,,,,,,,,,,,,,donnees-climatiques-gouvernorat-de-siliana,2021.0,Lâroussa,354.0,425.0,-71,31.0,,,,,,,,,,,
,,,,,,,,,,,,,,,,,,donnees-climatiques-gouvernorat-de-siliana,2021.0,Gaafour,387.0,448.0,-61,36.0,,,,,,,,,,,
,,,,,,,,,,,,,,,,,,donnees-climatiques-gouvernorat-de-siliana,2021.0,El Krib,487.0,550.0,-63,46.0,,,,,,,,,,,
,,,,,,,,,,,,,,,,,,donnees-climatiques-gouvernorat-de-siliana,2021.0,Bourouis,362.0,479.0,-117,41.0,,,,,,,,,,,
,,,,,,,,,,,,,,,,,,donnees-climatiques-gouvernorat-de-siliana,2021.0,Makthar,346.0,485.0,-139,48.0,,,,,,,,,,,
,,,,,,,,,,,,,,,,,,donnees-climatiques-gouvernorat-de-siliana,2021.0,Kesra,496.0,439.0,57,41.0,,,,,,,,,,,
,,,,,,,,,,,,,,,,,,donnees-climatiques-gouvernorat-de-siliana,2021.0,Rouhia,189.0,347.0,-158,29.0,,,,,,,,,,,
,,,,,,,,,,,,,,,,,,donnees-climatiques-gouvernorat-de-siliana,2022.0,Siliana Nord,358.0,416.0,-58,42.0,,,,,,,,,,,
,,,,,,,,,,,,,,,,,,donnees-climatiques-gouvernorat-de-siliana,2022.0,Siliana Sud,279.0,441.0,-162,40.0,,,,,,,,,,,
,,,,,,,,,,,,,,,,,,donnees-climatiques-gouvernorat-de-siliana,2022.0,Bargou,535.0,529.0,6,37.0,,,,,,,,,,,
,,,,,,,,,,,,,,,,,,donnees-climatiques-gouvernorat-de-siliana,2022.0,Bouarada,395.0,379.0,16,33.0,,,,,,,,,,,
,,,,,,,,,,,,,,,,,,donnees-climatiques-gouvernorat-de-siliana,2022.0,Lâroussa,384.0,425.0,-41,44.0,,,,,,,,,,,
,,,,,,,,,,,,,,,,,,donnees-climatiques-gouvernorat-de-siliana,2022.0,Gaafour,372.0,448.0,-76,46.0,,,,,,,,,,,
,,,,,,,,,,,,,,,,,,donnees-climatiques-gouvernorat-de-siliana,2022.0,El Krib,544.0,550.0,-6,46.0,,,,,,,,,,,
,,,,,,,,,,,,,,,,,,donnees-climatiques-gouvernorat-de-siliana,2022.0,Bourouis,367.5,479.0,- 111.5,35.0,,,,,,,,,,,
,,,,,,,,,,,,,,,,,,donnees-climatiques-gouvernorat-de-siliana,2022.0,Makthar,311.0,485.0,-174,48.0,,,,,,,,,,,
,,,,,,,,,,,,,,,,,,donnees-climatiques-gouvernorat-de-siliana,2022.0,Kesra,448.0,439.0,9,47.0,,,,,,,,,,,
,,,,,,,,,,,,,,,,,,donnees-climatiques-gouvernorat-de-siliana,2022.0,Rouhia,194.5,347.0,- 152.5,33.0,,,,,,,,,,,
,,,,,,,,,,,,,,,,,,donnees-climatiques-gouvernorat-de-siliana,2023.0,Siliana Nord,286.0,416.0,-          130,43.0,,,,,,,,,,,
,,,,,,,,,,,,,,,,,,donnees-climatiques-gouvernorat-de-siliana,2023.0,Siliana Sud,266.0,441.0,-          175,37.0,,,,,,,,,,,
,,,,,,,,,,,,,,,,,,donnees-climatiques-gouvernorat-de-siliana,2023.0,Bargou,404.0,529.0,-          125,47.0,,,,,,,,,,,
,,,,,,,,,,,,,,,,,,donnees-climatiques-gouvernorat-de-siliana,2023.0,Bouarada,314.0,379.0,-          65,35.0,,,,,,,,,,,
,,,,,,,,,,,,,,,,,,donnees-climatiques-gouvernorat-de-siliana,2023.0,Lâroussa,295.0,425.0,-          130,41.0,,,,,,,,,,,
,,,,,,,,,,,,,,,,,,donnees-climatiques-gouvernorat-de-siliana,2023.0,Gaafour,298.0,448.0,-          150,45.0,,,,,,,,,,,
,,,,,,,,,,,,,,,,,,donnees-climatiques-gouvernorat-de-siliana,2023.0,El Krib,363.0,550.0,-          187,43.0,,,,,,,,,,,
,,,,,,,,,,,,,,,,,,donnees-climatiques-gouvernorat-de-siliana,2023.0,Bourouis,329.0,479.0,-          150,46.0,,,,,,,,,,,
,,,,,,,,,,,,,,,,,,donnees-climatiques-gouvernorat-de-siliana,2023.0,Makthar,279.0,485.0,-          205,41.0,,,,,,,,,,,
,,,,,,,,,,,,,,,,,,donnees-climatiques-gouvernorat-de-siliana,2023.0,Kesra,404.0,439.0,-          35,42.0,,,,,,,,,,,
,,,,,,,,,,,,,,,,,,donnees-climatiques-gouvernorat-de-siliana,2023.0,Rouhia,236.0,347.0,-          111,28.0,,,,,,,,,,,
,,,,,,,,,,,,,,,,,,donnees-climatiques-gouvernorat-de-siliana,2024.0,Siliana Nord,230.0,416.0,-          186,43.0,,,,,,,,,,,
,,,,,,,,,,,,,,,,,,donnees-climatiques-gouvernorat-de-siliana,2024.0,Siliana Sud,219.0,441.0,-          222,39.0,,,,,,,,,,,
,,,,,,,,,,,,,,,,,,donnees-climatiques-gouvernorat-de-siliana,2024.0,Bargou,420.0,529.0,-          109,48.0,,,,,,,,,,,
,,,,,,,,,,,,,,,,,,donnees-climatiques-gouvernorat-de-siliana,2024.0,Bouarada,281.0,379.0,-          98,41.0,,,,,,,,,,,
,,,,,,,,,,,,,,,,,,donnees-climatiques-gouvernorat-de-siliana,2024.0,Lâroussa,287.0,425.0,-          138,34.0,,,,,,,,,,,
,,,,,,,,,,,,,,,,,,donnees-climatiques-gouvernorat-de-siliana,2024.0,Gaafour,229.0,448.0,-          219,43.0,,,,,,,,,,,
,,,,,,,,,,,,,,,,,,donnees-climatiques-gouvernorat-de-siliana,2024.0,El Krib,371.0,550.0,-          179,44.0,,,,,,,,,,,
,,,,,,,,,,,,,,,,,,donnees-climatiques-gouvernorat-de-siliana,2024.0,Bourouis,346.0,479.0,-          133,43.0,,,,,,,,,,,
,,,,,,,,,,,,,,,,,,donnees-climatiques-gouvernorat-de-siliana,2024.0,Makthar,340.0,485.0,-          145,45.0,,,,,,,,,,,
,,,,,,,,,,,,,,,,,,donnees-climatiques-gouvernorat-de-siliana,2024.0,Kesra,399.0,439.0,-          40,44.0,,,,,,,,,,,
,,,,,,,,,,,,,,,,,,donnees-climatiques-gouvernorat-de-siliana,2024.0,Rouhia,152.0,347.0,-          195,37.0,,,,,,,,,,,
,,,,,,,,,,,,,,,,,,donnees-climatiques-gouvernorat-de-siliana,2020.0,,,,,,Siliana Nord,الإدارة الفنية,416.0,1966-2020,54.0,,,,,,
,,,,,,,,,,,,,,,,,,donnees-climatiques-gouvernorat-de-siliana,2020.0,,,,,,Siliana Sud,الرصد الجوي ,441.0,1990-2020,30.0,,,,,,
,,,,,,,,,,,,,,,,,,donnees-climatiques-gouvernorat-de-siliana,2020.0,,,,,,Bouarada,إدارة الغابات ,379.0,1976-2020,44.0,,,,,,
,,,,,,,,,,,,,,,,,,donnees-climatiques-gouvernorat-de-siliana,2020.0,,,,,,Gaafour,إدارة  الفلاحة,448.0,1991-2020,29.0,,,,,,
,,,,,,,,,,,,,,,,,,donnees-climatiques-gouvernorat-de-siliana,2020.0,,,,,,Lâroussa,إدارة الفلاحة,425.0,1994-2020,26.0,,,,,,
,,,,,,,,,,,,,,,,,,donnees-climatiques-gouvernorat-de-siliana,2020.0,,,,,,El Krib,المعتمدية,550.0,1968-2020,52.0,,,,,,
,,,,,,,,,,,,,,,,,,donnees-climatiques-gouvernorat-de-siliana,2020.0,,,,,,Bourouis,تعاضدية كوسام,479.0,1967-2020,53.0,,,,,,
,,,,,,,,,,,,,,,,,,donnees-climatiques-gouvernorat-de-siliana,2020.0,,,,,,Makthar,الرصد الجوي,485.0,1961-2020,59.0,,,,,,
,,,,,,,,,,,,,,,,,,donnees-climatiques-gouvernorat-de-siliana,2020.0,,,,,,Bargou,إدارة الغابات,529.0,1962-2020,58.0,,,,,,
,,,,,,,,,,,,,,,,,,donnees-climatiques-gouvernorat-de-siliana,2020.0,,,,,,Kesra,كسرى B9,439.0,1970-2020,50.0,,,,,,
,,,,,,,,,,,,,,,,,,donnees-climatiques-gouvernorat-de-siliana,2020.0,,,,,,Rouhia,إدارة الفلاحة,347.0,1992-2020,28.0,,,,,,
,,,,,,,,,,,,,,,,,,donnees-climatiques-gouvernorat-de-siliana,2020.0,,,,,,Moyenne du Gouvernorat,,449.0,1961-2020,44.0,,,,,,
,,,,,,,,,,,,,,,,,,donnees-climatiques-gouvernorat-de-siliana,2021.0,,,,,,Siliana Nord,الإدارة الفنية,417.0,,,,,,,,
,,,,,,,,,,,,,,,,,,donnees-climatiques-gouvernorat-de-siliana,2021.0,,,,,,Siliana Sud,مركز التجارب الرملية,442.0,,,,,,,,
,,,,,,,,,,,,,,,,,,donnees-climatiques-gouvernorat-de-siliana,2021.0,,,,,,Bouarada,بوعرادة  - د. م . م,378.0,,,,,,,,
,,,,,,,,,,,,,,,,,,donnees-climatiques-gouvernorat-de-siliana,2021.0,,,,,,Gaafour,قعفور - المعتمدية,448.0,,,,,,,,
,,,,,,,,,,,,,,,,,,donnees-climatiques-gouvernorat-de-siliana,2021.0,,,,,,Lâroussa,عروسة - الفلاحة,425.0,,,,,,,,
,,,,,,,,,,,,,,,,,,donnees-climatiques-gouvernorat-de-siliana,2021.0,,,,,,El Krib,تعاضدية - COSEM,551.0,,,,,,,,
,,,,,,,,,,,,,,,,,,donnees-climatiques-gouvernorat-de-siliana,2021.0,,,,,,Bourouis,بورويس - SM,481.0,,,,,,,,
,,,,,,,,,,,,,,,,,,donnees-climatiques-gouvernorat-de-siliana,2021.0,,,,,,Makthar,مكثر - الغابات,485.0,,,,,,,,
,,,,,,,,,,,,,,,,,,donnees-climatiques-gouvernorat-de-siliana,2021.0,,,,,,Bargou,برقو - الغابات,530.0,,,,,,,,
,,,,,,,,,,,,,,,,,,donnees-climatiques-gouvernorat-de-siliana,2021.0,,,,,,Kesra,كسري - B9,439.0,,,,,,,,
,,,,,,,,,,,,,,,,,,donnees-climatiques-gouvernorat-de-siliana,2021.0,,,,,,Rouhia,الروحية - الفلاحة,347.0,,,,,,,,
,,,,,,,,,,,,,,,,,,donnees-climatiques-gouvernorat-de-siliana,2022.0,,,,,,Siliana Nord,الإدارة الفنية,417.0,,,,,,,,
,,,,,,,,,,,,,,,,,,donnees-climatiques-gouvernorat-de-siliana,2022.0,,,,,,Siliana Sud,مركز التجارب الرملية,442.0,,,,,,,,
,,,,,,,,,,,,,,,,,,donnees-climatiques-gouvernorat-de-siliana,2022.0,,,,,,Bouarada,بوعرادة  - د. م . م,378.0,,,,,,,,
,,,,,,,,,,,,,,,,,,donnees-climatiques-gouvernorat-de-siliana,2022.0,,,,,,Gaafour,قعفور - المعتمدية,448.0,,,,,,,,
,,,,,,,,,,,,,,,,,,donnees-climatiques-gouvernorat-de-siliana,2022.0,,,,,,Lâroussa,عروسة - الفلاحة,425.0,,,,,,,,
,,,,,,,,,,,,,,,,,,donnees-climatiques-gouvernorat-de-siliana,2022.0,,,,,,El Krib,تعاضدية - COSEM,551.0,,,,,,,,
,,,,,,,,,,,,,,,,,,donnees-climatiques-gouvernorat-de-siliana,2022.0,,,,,,Bourouis,بورويس - SM,481.0,,,,,,,,
,,,,,,,,,,,,,,,,,,donnees-climatiques-gouvernorat-de-siliana,2022.0,,,,,,Makthar,مكثر - الغابات,485.0,,,,,,,,
,,,,,,,,,,,,,,,,,,donnees-climatiques-gouvernorat-de-siliana,2022.0,,,,,,Bargou,برقو - الغابات,530.0,,,,,,,,
,,,,,,,,,,,,,,,,,,donnees-climatiques-gouvernorat-de-siliana,2022.0,,,,,,Kesra,كسري - B9,439.0,,,,,,,,
,,,,,,,,,,,,,,,,,,donnees-climatiques-gouvernorat-de-siliana,2022.0,,,,,,Rouhia,الروحية - الفلاحة,347.0,,,,,,,,
,,,,,,,,,,,,,,,,,,donnees-climatiques-gouvernorat-de-siliana,2023.0,,,,,,Siliana Nord,الإدارة الفنية,416.0,,54.0,,,,,,
,,,,,,,,,,,,,,,,,,donnees-climatiques-gouvernorat-de-siliana,2023.0,,,,,,Siliana Sud,مركز التجارب الرملية,441.0,,30.0,,,,,,
,,,,,,,,,,,,,,,,,,donnees-climatiques-gouvernorat-de-siliana,2023.0,,,,,,Bouarada,بوعرادة  - د. م . م,379.0,,44.0,,,,,,
,,,,,,,,,,,,,,,,,,donnees-climatiques-gouvernorat-de-siliana,2023.0,,,,,,Gaafour,قعفور - المعتمدية,448.0,,29.0,,,,,,
,,,,,,,,,,,,,,,,,,donnees-climatiques-gouvernorat-de-siliana,2023.0,,,,,,Lâroussa,عروسة - الفلاحة,425.0,,26.0,,,,,,
,,,,,,,,,,,,,,,,,,donnees-climatiques-gouvernorat-de-siliana,2023.0,,,,,,El Krib,تعاضدية - COSEM,550.0,,52.0,,,,,,
,,,,,,,,,,,,,,,,,,donnees-climatiques-gouvernorat-de-siliana,2023.0,,,,,,Bourouis,بورويس - SM,479.0,,53.0,,,,,,
,,,,,,,,,,,,,,,,,,donnees-climatiques-gouvernorat-de-siliana,2023.0,,,,,,Makthar,مكثر - الغابات,485.0,,59.0,,,,,,
,,,,,,,,,,,,,,,,,,donnees-climatiques-gouvernorat-de-siliana,2023.0,,,,,,Bargou,برقو - الغابات,529.0,,58.0,,,,,,
,,,,,,,,,,,,,,,,,,donnees-climatiques-gouvernorat-de-siliana,2023.0,,,,,,Kesra,كسري - B9,439.0,,50.0,,,,,,
,,,,,,,,,,,,,,,,,,donnees-climatiques-gouvernorat-de-siliana,2023.0,,,,,,Rouhia,الروحية - الفلاحة,347.0,,28.0,,,,,,
,,,,,,,,,,,,,,,,,,donnees-climatiques-gouvernorat-de-siliana,2024.0,,,,,,Siliana Nord,الإدارة الفنية,416.0,,54.0,,,,,,
,,,,,,,,,,,,,,,,,,donnees-climatiques-gouvernorat-de-siliana,2024.0,,,,,,Siliana Sud,مركز التجارب الرملية,441.0,,30.0,,,,,,
,,,,,,,,,,,,,,,,,,donnees-climatiques-gouvernorat-de-siliana,2024.0,,,,,,Bouarada,بوعرادة  - د. م . م,379.0,,44.0,,,,,,
,,,,,,,,,,,,,,,,,,donnees-climatiques-gouvernorat-de-siliana,2024.0,,,,,,Gaafour,قعفور - المعتمدية,448.0,,29.0,,,,,,
,,,,,,,,,,,,,,,,,,donnees-climatiques-gouvernorat-de-siliana,2024.0,,,,,,Lâroussa,عروسة - الفلاحة,425.0,,26.0,,,,,,
,,,,,,,,,,,,,,,,,,donnees-climatiques-gouvernorat-de-siliana,2024.0,,,,,,El Krib,تعاضدية - COSEM,550.0,,52.0,,,,,,
,,,,,,,,,,,,,,,,,,donnees-climatiques-gouvernorat-de-siliana,2024.0,,,,,,Bourouis,بورويس - SM,479.0,,53.0,,,,,,
,,,,,,,,,,,,,,,,,,donnees-climatiques-gouvernorat-de-siliana,2024.0,,,,,,Makthar,مكثر - الغابات,485.0,,59.0,,,,,,
,,,,,,,,,,,,,,,,,,donnees-climatiques-gouvernorat-de-siliana,2024.0,,,,,,Bargou,برقو - الغابات,529.0,,58.0,,,,,,
,,,,,,,,,,,,,,,,,,donnees-climatiques-gouvernorat-de-siliana,2024.0,,,,,,Kesra,كسري - B9,439.0,,50.0,,,,,,
,,,,,,,,,,,,,,,,,,donnees-climatiques-gouvernorat-de-siliana,2024.0,,,,,,Rouhia,الروحية - الفلاحة,347.0,,28.0,,,,,,
,,,,,,,,,,,,,,,,,,donnees-climatiques-gouvernorat-de-siliana,2020.0,,,,,,Siliana Nord,الإدارة الفنية,,,,janvier,40.0,9,,,
,,,,,,,,,,,,,,,,,,donnees-climatiques-gouvernorat-de-siliana,2020.0,,,,,,Siliana Nord,الإدارة الفنية,,,,février,49.0,4,,,
,,,,,,,,,,,,,,,,,,donnees-climatiques-gouvernorat-de-siliana,2020.0,,,,,,Siliana Nord,الإدارة الفنية,,,,mars,39.0,49,,,
,,,,,,,,,,,,,,,,,,donnees-climatiques-gouvernorat-de-siliana,2020.0,,,,,,Siliana Nord,الإدارة الفنية,,,,avril,47.0,89,,,
,,,,,,,,,,,,,,,,,,donnees-climatiques-gouvernorat-de-siliana,2020.0,,,,,,Siliana Nord,الإدارة الفنية,,,,mai,35.0,0,,,
,,,,,,,,,,,,,,,,,,donnees-climatiques-gouvernorat-de-siliana,2020.0,,,,,,Siliana Nord,الإدارة الفنية,,,,juin,37.0,32,,,
,,,,,,,,,,,,,,,,,,donnees-climatiques-gouvernorat-de-siliana,2020.0,,,,,,Siliana Nord,الإدارة الفنية,,,,juillet,47.0,13,,,
,,,,,,,,,,,,,,,,,,donnees-climatiques-gouvernorat-de-siliana,2020.0,,,,,,Siliana Nord,الإدارة الفنية,,,,Août,44.0,33,,,
,,,,,,,,,,,,,,,,,,donnees-climatiques-gouvernorat-de-siliana,2020.0,,,,,,Siliana Nord,الإدارة الفنية,,,,septembre,19.0,122,,,
,,,,,,,,,,,,,,,,,,donnees-climatiques-gouvernorat-de-siliana,2020.0,,,,,,Siliana Nord,الإدارة الفنية,,,,octobre,8.0,8,,,
,,,,,,,,,,,,,,,,,,donnees-climatiques-gouvernorat-de-siliana,2020.0,,,,,,Siliana Nord,الإدارة الفنية,,,,novembre,16.0,26,,,
,,,,,,,,,,,,,,,,,,donnees-climatiques-gouvernorat-de-siliana,2020.0,,,,,,Siliana Nord,الإدارة الفنية,,,,décembre,36.0,27,,,
,,,,,,,,,,,,,,,,,,donnees-climatiques-gouvernorat-de-siliana,2020.0,,,,,,Siliana Sud,الرصد الجوي ,,,,janvier,41.0,6,,,
,,,,,,,,,,,,,,,,,,donnees-climatiques-gouvernorat-de-siliana,2020.0,,,,,,Siliana Sud,الرصد الجوي ,,,,février,51.0,3,,,
,,,,,,,,,,,,,,,,,,donnees-climatiques-gouvernorat-de-siliana,2020.0,,,,,,Siliana Sud,الرصد الجوي ,,,,mars,32.0,59,,,
,,,,,,,,,,,,,,,,,,donnees-climatiques-gouvernorat-de-siliana,2020.0,,,,,,Siliana Sud,الرصد الجوي ,,,,avril,53.0,68,,,
,,,,,,,,,,,,,,,,,,donnees-climatiques-gouvernorat-de-siliana,2020.0,,,,,,Siliana Sud,الرصد الجوي ,,,,mai,40.0,0,,,
,,,,,,,,,,,,,,,,,,donnees-climatiques-gouvernorat-de-siliana,2020.0,,,,,,Siliana Sud,الرصد الجوي ,,,,juin,40.0,36,,,
,,,,,,,,,,,,,,,,,,donnees-climatiques-gouvernorat-de-siliana,2020.0,,,,,,Siliana Sud,الرصد الجوي ,,,,juillet,45.0,22,,,
,,,,,,,,,,,,,,,,,,donnees-climatiques-gouvernorat-de-siliana,2020.0,,,,,,Siliana Sud,الرصد الجوي ,,,,Août,54.0,29,,,
,,,,,,,,,,,,,,,,,,donnees-climatiques-gouvernorat-de-siliana,2020.0,,,,,,Siliana Sud,الرصد الجوي ,,,,septembre,25.0,110,,,
,,,,,,,,,,,,,,,,,,donnees-climatiques-gouvernorat-de-siliana,2020.0,,,,,,Siliana Sud,الرصد الجوي ,,,,octobre,9.0,10,,,
,,,,,,,,,,,,,,,,,,donnees-climatiques-gouvernorat-de-siliana,2020.0,,,,,,Siliana Sud,الرصد الجوي ,,,,novembre,18.0,27,,,
,,,,,,,,,,,,,,,,,,donnees-climatiques-gouvernorat-de-siliana,2020.0,,,,,,Siliana Sud,الرصد الجوي ,,,,décembre,34.0,28,,,
,,,,,,,,,,,,,,,,,,donnees-climatiques-gouvernorat-de-siliana,2020.0,,,,,,Bargou,إدارة الغابات ,,,,janvier,52.0,3,,,
,,,,,,,,,,,,,,,,,,donnees-climatiques-gouvernorat-de-siliana,2020.0,,,,,,Bargou,إدارة الغابات ,,,,février,60.0,4,,,
,,,,,,,,,,,,,,,,,,donnees-climatiques-gouvernorat-de-siliana,2020.0,,,,,,Bargou,إدارة الغابات ,,,,mars,54.0,98,,,
,,,,,,,,,,,,,,,,,,donnees-climatiques-gouvernorat-de-siliana,2020.0,,,,,,Bargou,إدارة الغابات ,,,,avril,67.0,112,,,
,,,,,,,,,,,,,,,,,,donnees-climatiques-gouvernorat-de-siliana,2020.0,,,,,,Bargou,إدارة الغابات ,,,,mai,57.0,0,,,
,,,,,,,,,,,,,,,,,,donnees-climatiques-gouvernorat-de-siliana,2020.0,,,,,,Bargou,إدارة الغابات ,,,,juin,51.0,40,,,
,,,,,,,,,,,,,,,,,,donnees-climatiques-gouvernorat-de-siliana,2020.0,,,,,,Bargou,إدارة الغابات ,,,,juillet,59.0,12,,,
,,,,,,,,,,,,,,,,,,donnees-climatiques-gouvernorat-de-siliana,2020.0,,,,,,Bargou,إدارة الغابات ,,,,Août,50.0,3,,,
,,,,,,,,,,,,,,,,,,donnees-climatiques-gouvernorat-de-siliana,2020.0,,,,,,Bargou,إدارة الغابات ,,,,septembre,20.0,116,,,
,,,,,,,,,,,,,,,,,,donnees-climatiques-gouvernorat-de-siliana,2020.0,,,,,,Bargou,إدارة الغابات ,,,,octobre,9.0,16,,,
,,,,,,,,,,,,,,,,,,donnees-climatiques-gouvernorat-de-siliana,2020.0,,,,,,Bargou,إدارة الغابات ,,,,novembre,16.0,41,,,
,,,,,,,,,,,,,,,,,,donnees-climatiques-gouvernorat-de-siliana,2020.0,,,,,,Bargou,إدارة الغابات ,,,,décembre,35.0,27,,,
,,,,,,,,,,,,,,,,,,donnees-climatiques-gouvernorat-de-siliana,2020.0,,,,,,Bouarada,إدارة  الفلاحة,,,,janvier,36.0,4,,,
,,,,,,,,,,,,,,,,,,donnees-climatiques-gouvernorat-de-siliana,2020.0,,,,,,Bouarada,إدارة  الفلاحة,,,,février,41.0,2,,,
,,,,,,,,,,,,,,,,,,donnees-climatiques-gouvernorat-de-siliana,2020.0,,,,,,Bouarada,إدارة  الفلاحة,,,,mars,44.0,32,,,
,,,,,,,,,,,,,,,,,,donnees-climatiques-gouvernorat-de-siliana,2020.0,,,,,,Bouarada,إدارة  الفلاحة,,,,avril,49.0,81,,,
,,,,,,,,,,,,,,,,,,donnees-climatiques-gouvernorat-de-siliana,2020.0,,,,,,Bouarada,إدارة  الفلاحة,,,,mai,39.0,0,,,
,,,,,,,,,,,,,,,,,,donnees-climatiques-gouvernorat-de-siliana,2020.0,,,,,,Bouarada,إدارة  الفلاحة,,,,juin,41.0,12,,,
,,,,,,,,,,,,,,,,,,donnees-climatiques-gouvernorat-de-siliana,2020.0,,,,,,Bouarada,إدارة  الفلاحة,,,,juillet,34.0,1,,,
,,,,,,,,,,,,,,,,,,donnees-climatiques-gouvernorat-de-siliana,2020.0,,,,,,Bouarada,إدارة  الفلاحة,,,,Août,32.0,30,,,
,,,,,,,,,,,,,,,,,,donnees-climatiques-gouvernorat-de-siliana,2020.0,,,,,,Bouarada,إدارة  الفلاحة,,,,septembre,15.0,71,,,
,,,,,,,,,,,,,,,,,,donnees-climatiques-gouvernorat-de-siliana,2020.0,,,,,,Bouarada,إدارة  الفلاحة,,,,octobre,4.0,18,,,
,,,,,,,,,,,,,,,,,,donnees-climatiques-gouvernorat-de-siliana,2020.0,,,,,,Bouarada,إدارة  الفلاحة,,,,novembre,16.0,34,,,
,,,,,,,,,,,,,,,,,,donnees-climatiques-gouvernorat-de-siliana,2020.0,,,,,,Bouarada,إدارة  الفلاحة,,,,décembre,27.0,38,,,
,,,,,,,,,,,,,,,,,,donnees-climatiques-gouvernorat-de-siliana,2020.0,,,,,,Aroussa,إدارة الفلاحة,,,,janvier,40.0,8,,,
,,,,,,,,,,,,,,,,,,donnees-climatiques-gouvernorat-de-siliana,2020.0,,,,,,Aroussa,إدارة الفلاحة,,,,février,49.0,0,,,
,,,,,,,,,,,,,,,,,,donnees-climatiques-gouvernorat-de-siliana,2020.0,,,,,,Aroussa,إدارة الفلاحة,,,,mars,43.0,51,,,
,,,,,,,,,,,,,,,,,,donnees-climatiques-gouvernorat-de-siliana,2020.0,,,,,,Aroussa,إدارة الفلاحة,,,,avril,61.0,90.5,,,
,,,,,,,,,,,,,,,,,,donnees-climatiques-gouvernorat-de-siliana,2020.0,,,,,,Aroussa,إدارة الفلاحة,,,,mai,44.0,0,,,
,,,,,,,,,,,,,,,,,,donnees-climatiques-gouvernorat-de-siliana,2020.0,,,,,,Aroussa,إدارة الفلاحة,,,,juin,39.0,5,,,
,,,,,,,,,,,,,,,,,,donnees-climatiques-gouvernorat-de-siliana,2020.0,,,,,,Aroussa,إدارة الفلاحة,,,,juillet,35.0,1,,,
,,,,,,,,,,,,,,,,,,donnees-climatiques-gouvernorat-de-siliana,2020.0,,,,,,Aroussa,إدارة الفلاحة,,,,Août,50.0,20,,,
,,,,,,,,,,,,,,,,,,donnees-climatiques-gouvernorat-de-siliana,2020.0,,,,,,Aroussa,إدارة الفلاحة,,,,septembre,19.0,98,,,
,,,,,,,,,,,,,,,,,,donnees-climatiques-gouvernorat-de-siliana,2020.0,,,,,,Aroussa,إدارة الفلاحة,,,,octobre,4.0,13,,,
,,,,,,,,,,,,,,,,,,donnees-climatiques-gouvernorat-de-siliana,2020.0,,,,,,Aroussa,إدارة الفلاحة,,,,novembre,16.0,36,,,
,,,,,,,,,,,,,,,,,,donnees-climatiques-gouvernorat-de-siliana,2020.0,,,,,,Aroussa,إدارة الفلاحة,,,,décembre,25.0,31,,,
,,,,,,,,,,,,,,,,,,donnees-climatiques-gouvernorat-de-siliana,2020.0,,,,,,Gaafour,المعتمدية,,,,janvier,47.0,3,,,
,,,,,,,,,,,,,,,,,,donnees-climatiques-gouvernorat-de-siliana,2020.0,,,,,,Gaafour,المعتمدية,,,,février,43.0,4,,,
,,,,,,,,,,,,,,,,,,donnees-climatiques-gouvernorat-de-siliana,2020.0,,,,,,Gaafour,المعتمدية,,,,mars,58.0,56,,,
,,,,,,,,,,,,,,,,,,donnees-climatiques-gouvernorat-de-siliana,2020.0,,,,,,Gaafour,المعتمدية,,,,avril,68.0,76.5,,,
,,,,,,,,,,,,,,,,,,donnees-climatiques-gouvernorat-de-siliana,2020.0,,,,,,Gaafour,المعتمدية,,,,mai,49.0,0,,,
,,,,,,,,,,,,,,,,,,donnees-climatiques-gouvernorat-de-siliana,2020.0,,,,,,Gaafour,المعتمدية,,,,juin,46.0,4,,,
,,,,,,,,,,,,,,,,,,donnees-climatiques-gouvernorat-de-siliana,2020.0,,,,,,Gaafour,المعتمدية,,,,juillet,40.0,20,,,
,,,,,,,,,,,,,,,,,,donnees-climatiques-gouvernorat-de-siliana,2020.0,,,,,,Gaafour,المعتمدية,,,,Août,47.0,21,,,
,,,,,,,,,,,,,,,,,,donnees-climatiques-gouvernorat-de-siliana,2020.0,,,,,,Gaafour,المعتمدية,,,,septembre,10.0,102,,,
,,,,,,,,,,,,,,,,,,donnees-climatiques-gouvernorat-de-siliana,2020.0,,,,,,Gaafour,المعتمدية,,,,octobre,3.0,19,,,
,,,,,,,,,,,,,,,,,,donnees-climatiques-gouvernorat-de-siliana,2020.0,,,,,,Gaafour,المعتمدية,,,,novembre,13.0,35,,,
,,,,,,,,,,,,,,,,,,donnees-climatiques-gouvernorat-de-siliana,2020.0,,,,,,Gaafour,المعتمدية,,,,décembre,24.0,31,,,
,,,,,,,,,,,,,,,,,,donnees-climatiques-gouvernorat-de-siliana,2020.0,,,,,,Krib,تعاضدية كوسام,,,,janvier,55.0,9,,,
,,,,,,,,,,,,,,,,,,donnees-climatiques-gouvernorat-de-siliana,2020.0,,,,,,Krib,تعاضدية كوسام,,,,février,69.0,3,,,
,,,,,,,,,,,,,,,,,,donnees-climatiques-gouvernorat-de-siliana,2020.0,,,,,,Krib,تعاضدية كوسام,,,,mars,67.0,68,,,
,,,,,,,,,,,,,,,,,,donnees-climatiques-gouvernorat-de-siliana,2020.0,,,,,,Krib,تعاضدية كوسام,,,,avril,82.0,52.5,,,
,,,,,,,,,,,,,,,,,,donnees-climatiques-gouvernorat-de-siliana,2020.0,,,,,,Krib,تعاضدية كوسام,,,,mai,65.0,0,,,
,,,,,,,,,,,,,,,,,,donnees-climatiques-gouvernorat-de-siliana,2020.0,,,,,,Krib,تعاضدية كوسام,,,,juin,60.0,7,,,
,,,,,,,,,,,,,,,,,,donnees-climatiques-gouvernorat-de-siliana,2020.0,,,,,,Krib,تعاضدية كوسام,,,,juillet,43.0,3,,,
,,,,,,,,,,,,,,,,,,donnees-climatiques-gouvernorat-de-siliana,2020.0,,,,,,Krib,تعاضدية كوسام,,,,Août,38.0,27,,,
,,,,,,,,,,,,,,,,,,donnees-climatiques-gouvernorat-de-siliana,2020.0,,,,,,Krib,تعاضدية كوسام,,,,septembre,13.0,119,,,
,,,,,,,,,,,,,,,,,,donnees-climatiques-gouvernorat-de-siliana,2020.0,,,,,,Krib,تعاضدية كوسام,,,,octobre,4.0,12,,,
,,,,,,,,,,,,,,,,,,donnees-climatiques-gouvernorat-de-siliana,2020.0,,,,,,Krib,تعاضدية كوسام,,,,novembre,17.0,76,,,
,,,,,,,,,,,,,,,,,,donnees-climatiques-gouvernorat-de-siliana,2020.0,,,,,,Krib,تعاضدية كوسام,,,,décembre,38.0,44,,,
,,,,,,,,,,,,,,,,,,donnees-climatiques-gouvernorat-de-siliana,2020.0,,,,,,Bourouis,الرصد الجوي,,,,janvier,47.0,4,,,
,,,,,,,,,,,,,,,,,,donnees-climatiques-gouvernorat-de-siliana,2020.0,,,,,,Bourouis,الرصد الجوي,,,,février,59.0,2,,,
,,,,,,,,,,,,,,,,,,donnees-climatiques-gouvernorat-de-siliana,2020.0,,,,,,Bourouis,الرصد الجوي,,,,mars,51.0,51,,,
,,,,,,,,,,,,,,,,,,donnees-climatiques-gouvernorat-de-siliana,2020.0,,,,,,Bourouis,الرصد الجوي,,,,avril,61.0,77,,,
,,,,,,,,,,,,,,,,,,donnees-climatiques-gouvernorat-de-siliana,2020.0,,,,,,Bourouis,الرصد الجوي,,,,mai,49.0,0,,,
,,,,,,,,,,,,,,,,,,donnees-climatiques-gouvernorat-de-siliana,2020.0,,,,,,Bourouis,الرصد الجوي,,,,juin,46.0,9,,,
,,,,,,,,,,,,,,,,,,donnees-climatiques-gouvernorat-de-siliana,2020.0,,,,,,Bourouis,الرصد الجوي,,,,juillet,47.0,7,,,
,,,,,,,,,,,,,,,,,,donnees-climatiques-gouvernorat-de-siliana,2020.0,,,,,,Bourouis,الرصد الجوي,,,,Août,43.0,5,,,
,,,,,,,,,,,,,,,,,,donnees-climatiques-gouvernorat-de-siliana,2020.0,,,,,,Bourouis,الرصد الجوي,,,,septembre,14.0,139,,,
,,,,,,,,,,,,,,,,,,donnees-climatiques-gouvernorat-de-siliana,2020.0,,,,,,Bourouis,الرصد الجوي,,,,octobre,6.0,3,,,
,,,,,,,,,,,,,,,,,,donnees-climatiques-gouvernorat-de-siliana,2020.0,,,,,,Bourouis,الرصد الجوي,,,,novembre,22.0,50,,,
,,,,,,,,,,,,,,,,,,donnees-climatiques-gouvernorat-de-siliana,2020.0,,,,,,Bourouis,الرصد الجوي,,,,décembre,36.0,31,,,
,,,,,,,,,,,,,,,,,,donnees-climatiques-gouvernorat-de-siliana,2020.0,,,,,,Makthar,إدارة الغابات,,,,janvier,51.0,4,,,
,,,,,,,,,,,,,,,,,,donnees-climatiques-gouvernorat-de-siliana,2020.0,,,,,,Makthar,إدارة الغابات,,,,février,52.0,2,,,
,,,,,,,,,,,,,,,,,,donnees-climatiques-gouvernorat-de-siliana,2020.0,,,,,,Makthar,إدارة الغابات,,,,mars,47.0,85,,,
,,,,,,,,,,,,,,,,,,donnees-climatiques-gouvernorat-de-siliana,2020.0,,,,,,Makthar,إدارة الغابات,,,,avril,57.0,96,,,
,,,,,,,,,,,,,,,,,,donnees-climatiques-gouvernorat-de-siliana,2020.0,,,,,,Makthar,إدارة الغابات,,,,mai,45.0,0,,,
,,,,,,,,,,,,,,,,,,donnees-climatiques-gouvernorat-de-siliana,2020.0,,,,,,Makthar,إدارة الغابات,,,,juin,40.0,65,,,
,,,,,,,,,,,,,,,,,,donnees-climatiques-gouvernorat-de-siliana,2020.0,,,,,,Makthar,إدارة الغابات,,,,juillet,50.0,19,,,
,,,,,,,,,,,,,,,,,,donnees-climatiques-gouvernorat-de-siliana,2020.0,,,,,,Makthar,إدارة الغابات,,,,Août,49.0,30,,,
,,,,,,,,,,,,,,,,,,donnees-climatiques-gouvernorat-de-siliana,2020.0,,,,,,Makthar,إدارة الغابات,,,,septembre,25.0,64,,,
,,,,,,,,,,,,,,,,,,donnees-climatiques-gouvernorat-de-siliana,2020.0,,,,,,Makthar,إدارة الغابات,,,,octobre,10.0,17,,,
,,,,,,,,,,,,,,,,,,donnees-climatiques-gouvernorat-de-siliana,2020.0,,,,,,Makthar,إدارة الغابات,,,,novembre,20.0,58,,,
,,,,,,,,,,,,,,,,,,donnees-climatiques-gouvernorat-de-siliana,2020.0,,,,,,Makthar,إدارة الغابات,,,,décembre,39.0,45,,,
,,,,,,,,,,,,,,,,,,donnees-climatiques-gouvernorat-de-siliana,2020.0,,,,,,Kessra,كسرى B9,,,,janvier,46.0,5,,,
,,,,,,,,,,,,,,,,,,donnees-climatiques-gouvernorat-de-siliana,2020.0,,,,,,Kessra,كسرىB9,,,,février,46.0,4,,,
,,,,,,,,,,,,,,,,,,donnees-climatiques-gouvernorat-de-siliana,2020.0,,,,,,Kessra,كسرى B9,,,,mars,41.0,97,,,
,,,,,,,,,,,,,,,,,,donnees-climatiques-gouvernorat-de-siliana,2020.0,,,,,,Kessra,كسرى B9,,,,avril,49.0,70,,,
,,,,,,,,,,,,,,,,,,donnees-climatiques-gouvernorat-de-siliana,2020.0,,,,,,Kessra,كسرى B9,,,,mai,43.0,0,,,
,,,,,,,,,,,,,,,,,,donnees-climatiques-gouvernorat-de-siliana,2020.0,,,,,,Kessra,كسرى B9,,,,juin,39.0,68,,,
,,,,,,,,,,,,,,,,,,donnees-climatiques-gouvernorat-de-siliana,2020.0,,,,,,Kessra,كسرى B9,,,,juillet,41.0,35,,,
,,,,,,,,,,,,,,,,,,donnees-climatiques-gouvernorat-de-siliana,2020.0,,,,,,Kessra,كسرىB9,,,,Août,43.0,23,,,
,,,,,,,,,,,,,,,,,,donnees-climatiques-gouvernorat-de-siliana,2020.0,,,,,,Kessra,كسرىB9,,,,septembre,27.0,64,,,
,,,,,,,,,,,,,,,,,,donnees-climatiques-gouvernorat-de-siliana,2020.0,,,,,,Kessra,كسرى B9,,,,octobre,6.0,4,,,
,,,,,,,,,,,,,,,,,,donnees-climatiques-gouvernorat-de-siliana,2020.0,,,,,,Kessra,كسرى B9,,,,novembre,22.0,43,,,
,,,,,,,,,,,,,,,,,,donnees-climatiques-gouvernorat-de-siliana,2020.0,,,,,,Kessra,كسرى B9,,,,décembre,36.0,33,,,
,,,,,,,,,,,,,,,,,,donnees-climatiques-gouvernorat-de-siliana,2020.0,,,,,,Rouhia,إدارة الفلاحة,,,,janvier,38.0,6,,,
,,,,,,,,,,,,,,,,,,donnees-climatiques-gouvernorat-de-siliana,2020.0,,,,,,Rouhia,إدارة الفلاحة,,,,février,32.0,3,,,
,,,,,,,,,,,,,,,,,,donnees-climatiques-gouvernorat-de-siliana,2020.0,,,,,,Rouhia,إدارة الفلاحة,,,,mars,21.0,66,,,
,,,,,,,,,,,,,,,,,,donnees-climatiques-gouvernorat-de-siliana,2020.0,,,,,,Rouhia,إدارة الفلاحة,,,,avril,32.0,33.5,,,
,,,,,,,,,,,,,,,,,,donnees-climatiques-gouvernorat-de-siliana,2020.0,,,,,,Rouhia,إدارة الفلاحة,,,,mai,30.0,0,,,
,,,,,,,,,,,,,,,,,,donnees-climatiques-gouvernorat-de-siliana,2020.0,,,,,,Rouhia,إدارة الفلاحة,,,,juin,29.0,56,,,
,,,,,,,,,,,,,,,,,,donnees-climatiques-gouvernorat-de-siliana,2020.0,,,,,,Rouhia,إدارة الفلاحة,,,,juillet,31.0,6,,,
,,,,,,,,,,,,,,,,,,donnees-climatiques-gouvernorat-de-siliana,2020.0,,,,,,Rouhia,إدارة الفلاحة,,,,Août,46.0,12,,,
,,,,,,,,,,,,,,,,,,donnees-climatiques-gouvernorat-de-siliana,2020.0,,,,,,Rouhia,إدارة الفلاحة,,,,septembre,24.0,31,,,
,,,,,,,,,,,,,,,,,,donnees-climatiques-gouvernorat-de-siliana,2020.0,,,,,,Rouhia,إدارة الفلاحة,,,,octobre,9.0,9,,,
,,,,,,,,,,,,,,,,,,donnees-climatiques-gouvernorat-de-siliana,2020.0,,,,,,Rouhia,إدارة الفلاحة,,,,novembre,22.0,30,,,
,,,,,,,,,,,,,,,,,,donnees-climatiques-gouvernorat-de-siliana,2020.0,,,,,,Rouhia,إدارة الفلاحة,,,,décembre,33.0,53,,,
,,,,,,,,,,,,,,,,,,donnees-climatiques-gouvernorat-de-siliana,2021.0,,,,,,Siliana Nord,الإدارة الفنية,,,,janvier,47.0,6,,,
,,,,,,,,,,,,,,,,,,donnees-climatiques-gouvernorat-de-siliana,2021.0,,,,,,Siliana Nord,الإدارة الفنية,,,,février,39.0,20,,,
,,,,,,,,,,,,,,,,,,donnees-climatiques-gouvernorat-de-siliana,2021.0,,,,,,Siliana Nord,الإدارة الفنية,,,,mars,49.0,41,,,
,,,,,,,,,,,,,,,,,,donnees-climatiques-gouvernorat-de-siliana,2021.0,,,,,,Siliana Nord,الإدارة الفنية,,,,avril,40.0,26,,,
,,,,,,,,,,,,,,,,,,donnees-climatiques-gouvernorat-de-siliana,2021.0,,,,,,Siliana Nord,الإدارة الفنية,,,,mai,36.0,18,,,
,,,,,,,,,,,,,,,,,,donnees-climatiques-gouvernorat-de-siliana,2021.0,,,,,,Siliana Nord,الإدارة الفنية,,,,juin,16.0,5,,,
,,,,,,,,,,,,,,,,,,donnees-climatiques-gouvernorat-de-siliana,2021.0,,,,,,Siliana Nord,الإدارة الفنية,,,,juillet,8.0,-,,,
,,,,,,,,,,,,,,,,,,donnees-climatiques-gouvernorat-de-siliana,2021.0,,,,,,Siliana Nord,الإدارة الفنية,,,,Août,19.0,5,,,
,,,,,,,,,,,,,,,,,,donnees-climatiques-gouvernorat-de-siliana,2021.0,,,,,,Siliana Nord,الإدارة الفنية,,,,septembre,44.0,-,,,
,,,,,,,,,,,,,,,,,,donnees-climatiques-gouvernorat-de-siliana,2021.0,,,,,,Siliana Nord,الإدارة الفنية,,,,octobre,47.0,86,,,
,,,,,,,,,,,,,,,,,,donnees-climatiques-gouvernorat-de-siliana,2021.0,,,,,,Siliana Nord,الإدارة الفنية,,,,novembre,37.0,5,,,
,,,,,,,,,,,,,,,,,,donnees-climatiques-gouvernorat-de-siliana,2021.0,,,,,,Siliana Nord,الإدارة الفنية,,,,décembre,35.0,38,,,
,,,,,,,,,,,,,,,,,,donnees-climatiques-gouvernorat-de-siliana,2021.0,,,,,,Siliana Sud,مركز التجارب الرملية,,,,janvier,53.0,6,,,
,,,,,,,,,,,,,,,,,,donnees-climatiques-gouvernorat-de-siliana,2021.0,,,,,,Siliana Sud,مركز التجارب الرملية,,,,février,32.0,15,,,
,,,,,,,,,,,,,,,,,,donnees-climatiques-gouvernorat-de-siliana,2021.0,,,,,,Siliana Sud,مركز التجارب الرملية,,,,mars,51.0,36,,,
,,,,,,,,,,,,,,,,,,donnees-climatiques-gouvernorat-de-siliana,2021.0,,,,,,Siliana Sud,مركز التجارب الرملية,,,,avril,41.0,19,,,
,,,,,,,,,,,,,,,,,,donnees-climatiques-gouvernorat-de-siliana,2021.0,,,,,,Siliana Sud,مركز التجارب الرملية,,,,mai,34.0,13,,,
,,,,,,,,,,,,,,,,,,donnees-climatiques-gouvernorat-de-siliana,2021.0,,,,,,Siliana Sud,مركز التجارب الرملية,,,,juin,18.0,1,,,
,,,,,,,,,,,,,,,,,,donnees-climatiques-gouvernorat-de-siliana,2021.0,,,,,,Siliana Sud,مركز التجارب الرملية,,,,juillet,9.0,-,,,
,,,,,,,,,,,,,,,,,,donnees-climatiques-gouvernorat-de-siliana,2021.0,,,,,,Siliana Sud,مركز التجارب الرملية,,,,Août,25.0,7,,,
,,,,,,,,,,,,,,,,,,donnees-climatiques-gouvernorat-de-siliana,2021.0,,,,,,Siliana Sud,مركز التجارب الرملية,,,,septembre,54.0,-,,,
,,,,,,,,,,,,,,,,,,donnees-climatiques-gouvernorat-de-siliana,2021.0,,,,,,Siliana Sud,مركز التجارب الرملية,,,,octobre,45.0,18,,,
,,,,,,,,,,,,,,,,,,donnees-climatiques-gouvernorat-de-siliana,2021.0,,,,,,Siliana Sud,مركز التجارب الرملية,,,,novembre,40.0,5,,,
,,,,,,,,,,,,,,,,,,donnees-climatiques-gouvernorat-de-siliana,2021.0,,,,,,Siliana Sud,مركز التجارب الرملية,,,,décembre,40.0,31,,,
,,,,,,,,,,,,,,,,,,donnees-climatiques-gouvernorat-de-siliana,2021.0,,,,,,Bouarada,بوعرادة  - د. م . ,,,,janvier,49.0,10,,,
,,,,,,,,,,,,,,,,,,donnees-climatiques-gouvernorat-de-siliana,2021.0,,,,,,Bouarada,بوعرادة  - د. م . ,,,,février,44.0,13,,,
,,,,,,,,,,,,,,,,,,donnees-climatiques-gouvernorat-de-siliana,2021.0,,,,,,Bouarada,بوعرادة  - د. م . ,,,,mars,41.0,57,,,
,,,,,,,,,,,,,,,,,,donnees-climatiques-gouvernorat-de-siliana,2021.0,,,,,,Bouarada,بوعرادة  - د. م . ,,,,avril,36.0,28,,,
,,,,,,,,,,,,,,,,,,donnees-climatiques-gouvernorat-de-siliana,2021.0,,,,,,Bouarada,بوعرادة  - د. م . ,,,,mai,27.0,10,,,
,,,,,,,,,,,,,,,,,,donnees-climatiques-gouvernorat-de-siliana,2021.0,,,,,,Bouarada,بوعرادة  - د. م . ,,,,juin,16.0,13,,,
,,,,,,,,,,,,,,,,,,donnees-climatiques-gouvernorat-de-siliana,2021.0,,,,,,Bouarada,بوعرادة  - د. م . ,,,,juillet,4.0,-,,,
,,,,,,,,,,,,,,,,,,donnees-climatiques-gouvernorat-de-siliana,2021.0,,,,,,Bouarada,بوعرادة  - د. م . ,,,,Août,15.0,5,,,
,,,,,,,,,,,,,,,,,,donnees-climatiques-gouvernorat-de-siliana,2021.0,,,,,,Bouarada,بوعرادة  - د. م . ,,,,septembre,32.0,-,,,
,,,,,,,,,,,,,,,,,,donnees-climatiques-gouvernorat-de-siliana,2021.0,,,,,,Bouarada,بوعرادة  - د. م . ,,,,octobre,34.0,88,,,
,,,,,,,,,,,,,,,,,,donnees-climatiques-gouvernorat-de-siliana,2021.0,,,,,,Bouarada,بوعرادة  - د. م . ,,,,novembre,41.0,6,,,
,,,,,,,,,,,,,,,,,,donnees-climatiques-gouvernorat-de-siliana,2021.0,,,,,,Bouarada,بوعرادة  - د. م . ,,,,décembre,39.0,55,,,
,,,,,,,,,,,,,,,,,,donnees-climatiques-gouvernorat-de-siliana,2021.0,,,,,,Gaafour,المعتمدية,,,,janvier,68.0,12,,,
,,,,,,,,,,,,,,,,,,donnees-climatiques-gouvernorat-de-siliana,2021.0,,,,,,Gaafour,المعتمدية,,,,février,58.0,13,,,
,,,,,,,,,,,,,,,,,,donnees-climatiques-gouvernorat-de-siliana,2021.0,,,,,,Gaafour,المعتمدية,,,,mars,43.0,48,,,
,,,,,,,,,,,,,,,,,,donnees-climatiques-gouvernorat-de-siliana,2021.0,,,,,,Gaafour,المعتمدية,,,,avril,47.0,34,,,
,,,,,,,,,,,,,,,,,,donnees-climatiques-gouvernorat-de-siliana,2021.0,,,,,,Gaafour,المعتمدية,,,,mai,24.0,5,,,
,,,,,,,,,,,,,,,,,,donnees-climatiques-gouvernorat-de-siliana,2021.0,,,,,,Gaafour,المعتمدية,,,,juin,13.0,24,,,
,,,,,,,,,,,,,,,,,,donnees-climatiques-gouvernorat-de-siliana,2021.0,,,,,,Gaafour,المعتمدية,,,,juillet,3.0,-,,,
,,,,,,,,,,,,,,,,,,donnees-climatiques-gouvernorat-de-siliana,2021.0,,,,,,Gaafour,المعتمدية,,,,Août,10.0,3,,,
,,,,,,,,,,,,,,,,,,donnees-climatiques-gouvernorat-de-siliana,2021.0,,,,,,Gaafour,المعتمدية,,,,septembre,47.0,7.5,,,
,,,,,,,,,,,,,,,,,,donnees-climatiques-gouvernorat-de-siliana,2021.0,,,,,,Gaafour,المعتمدية,,,,octobre,40.0,90,,,
,,,,,,,,,,,,,,,,,,donnees-climatiques-gouvernorat-de-siliana,2021.0,,,,,,Gaafour,المعتمدية,,,,novembre,46.0,10,,,
,,,,,,,,,,,,,,,,,,donnees-climatiques-gouvernorat-de-siliana,2021.0,,,,,,Gaafour,المعتمدية,,,,décembre,49.0,49,,,
,,,,,,,,,,,,,,,,,,donnees-climatiques-gouvernorat-de-siliana,2021.0,,,,,,Aroussa,إدارة الفلاحة,,,,janvier,61.0,9,,,
,,,,,,,,,,,,,,,,,,donnees-climatiques-gouvernorat-de-siliana,2021.0,,,,,,Aroussa,إدارة الفلاحة,,,,février,43.0,20,,,
,,,,,,,,,,,,,,,,,,donnees-climatiques-gouvernorat-de-siliana,2021.0,,,,,,Aroussa,إدارة الفلاحة,,,,mars,49.0,62,,,
,,,,,,,,,,,,,,,,,,donnees-climatiques-gouvernorat-de-siliana,2021.0,,,,,,Aroussa,إدارة الفلاحة,,,,avril,40.0,27,,,
,,,,,,,,,,,,,,,,,,donnees-climatiques-gouvernorat-de-siliana,2021.0,,,,,,Aroussa,إدارة الفلاحة,,,,mai,25.0,13,,,
,,,,,,,,,,,,,,,,,,donnees-climatiques-gouvernorat-de-siliana,2021.0,,,,,,Aroussa,إدارة الفلاحة,,,,juin,16.0,5,,,
,,,,,,,,,,,,,,,,,,donnees-climatiques-gouvernorat-de-siliana,2021.0,,,,,,Aroussa,إدارة الفلاحة,,,,juillet,4.0,-,,,
,,,,,,,,,,,,,,,,,,donnees-climatiques-gouvernorat-de-siliana,2021.0,,,,,,Aroussa,إدارة الفلاحة,,,,Août,19.0,3,,,
,,,,,,,,,,,,,,,,,,donnees-climatiques-gouvernorat-de-siliana,2021.0,,,,,,Aroussa,إدارة الفلاحة,,,,septembre,50.0,2,,,
,,,,,,,,,,,,,,,,,,donnees-climatiques-gouvernorat-de-siliana,2021.0,,,,,,Aroussa,إدارة الفلاحة,,,,octobre,35.0,82,,,
,,,,,,,,,,,,,,,,,,donnees-climatiques-gouvernorat-de-siliana,2021.0,,,,,,Aroussa,إدارة الفلاحة,,,,novembre,39.0,4,,,
,,,,,,,,,,,,,,,,,,donnees-climatiques-gouvernorat-de-siliana,2021.0,,,,,,Aroussa,إدارة الفلاحة,,,,décembre,44.0,57,,,
,,,,,,,,,,,,,,,,,,donnees-climatiques-gouvernorat-de-siliana,2021.0,,,,,,Krib,تعاضدية كوسام,,,,janvier,82.0,27,,,
,,,,,,,,,,,,,,,,,,donnees-climatiques-gouvernorat-de-siliana,2021.0,,,,,,Krib,تعاضدية كوسام,,,,février,67.0,30,,,
,,,,,,,,,,,,,,,,,,donnees-climatiques-gouvernorat-de-siliana,2021.0,,,,,,Krib,تعاضدية كوسام,,,,mars,69.0,61,,,
,,,,,,,,,,,,,,,,,,donnees-climatiques-gouvernorat-de-siliana,2021.0,,,,,,Krib,تعاضدية كوسام,,,,avril,55.0,53,,,
,,,,,,,,,,,,,,,,,,donnees-climatiques-gouvernorat-de-siliana,2021.0,,,,,,Krib,تعاضدية كوسام,,,,mai,38.0,12,,,
,,,,,,,,,,,,,,,,,,donnees-climatiques-gouvernorat-de-siliana,2021.0,,,,,,Krib,تعاضدية كوسام,,,,juin,17.0,44,,,
,,,,,,,,,,,,,,,,,,donnees-climatiques-gouvernorat-de-siliana,2021.0,,,,,,Krib,تعاضدية كوسام,,,,juillet,4.0,-,,,
,,,,,,,,,,,,,,,,,,donnees-climatiques-gouvernorat-de-siliana,2021.0,,,,,,Krib,تعاضدية كوسام,,,,Août,13.0,10,,,
,,,,,,,,,,,,,,,,,,donnees-climatiques-gouvernorat-de-siliana,2021.0,,,,,,Krib,تعاضدية كوسام,,,,septembre,38.0,-,,,
,,,,,,,,,,,,,,,,,,donnees-climatiques-gouvernorat-de-siliana,2021.0,,,,,,Krib,تعاضدية كوسام,,,,octobre,43.0,101.5,,,
,,,,,,,,,,,,,,,,,,donnees-climatiques-gouvernorat-de-siliana,2021.0,,,,,,Krib,تعاضدية كوسام,,,,novembre,60.0,11,,,
,,,,,,,,,,,,,,,,,,donnees-climatiques-gouvernorat-de-siliana,2021.0,,,,,,Krib,تعاضدية كوسام,,,,décembre,65.0,106,,,
,,,,,,,,,,,,,,,,,,donnees-climatiques-gouvernorat-de-siliana,2021.0,,,,,,Bourouis,بورويس - SM,,,,janvier,61.0,9,,,
,,,,,,,,,,,,,,,,,,donnees-climatiques-gouvernorat-de-siliana,2021.0,,,,,,Bourouis,بورويس - SM,,,,février,51.0,12,,,
,,,,,,,,,,,,,,,,,,donnees-climatiques-gouvernorat-de-siliana,2021.0,,,,,,Bourouis,بورويس - SM,,,,mars,59.0,70,,,
,,,,,,,,,,,,,,,,,,donnees-climatiques-gouvernorat-de-siliana,2021.0,,,,,,Bourouis,بورويس - SM,,,,avril,47.0,38,,,
,,,,,,,,,,,,,,,,,,donnees-climatiques-gouvernorat-de-siliana,2021.0,,,,,,Bourouis,بورويس - SM,,,,mai,36.0,20,,,
,,,,,,,,,,,,,,,,,,donnees-climatiques-gouvernorat-de-siliana,2021.0,,,,,,Bourouis,بورويس - SM,,,,juin,22.0,22,,,
,,,,,,,,,,,,,,,,,,donnees-climatiques-gouvernorat-de-siliana,2021.0,,,,,,Bourouis,بورويس - SM,,,,juillet,6.0,-,,,
,,,,,,,,,,,,,,,,,,donnees-climatiques-gouvernorat-de-siliana,2021.0,,,,,,Bourouis,بورويس - SM,,,,Août,14.0,7,,,
,,,,,,,,,,,,,,,,,,donnees-climatiques-gouvernorat-de-siliana,2021.0,,,,,,Bourouis,بورويس - SM,,,,septembre,43.0,-,,,
,,,,,,,,,,,,,,,,,,donnees-climatiques-gouvernorat-de-siliana,2021.0,,,,,,Bourouis,بورويس - SM,,,,octobre,47.0,69.5,,,
,,,,,,,,,,,,,,,,,,donnees-climatiques-gouvernorat-de-siliana,2021.0,,,,,,Bourouis,بورويس - SM,,,,novembre,46.0,4,,,
,,,,,,,,,,,,,,,,,,donnees-climatiques-gouvernorat-de-siliana,2021.0,,,,,,Bourouis,بورويس - SM,,,,décembre,49.0,55,,,
,,,,,,,,,,,,,,,,,,donnees-climatiques-gouvernorat-de-siliana,2021.0,,,,,,Makthar,إدارة الغابات,,,,janvier,57.0,10,,,
,,,,,,,,,,,,,,,,,,donnees-climatiques-gouvernorat-de-siliana,2021.0,,,,,,Makthar,إدارة الغابات,,,,février,47.0,28,,,
,,,,,,,,,,,,,,,,,,donnees-climatiques-gouvernorat-de-siliana,2021.0,,,,,,Makthar,إدارة الغابات,,,,mars,52.0,43,,,
,,,,,,,,,,,,,,,,,,donnees-climatiques-gouvernorat-de-siliana,2021.0,,,,,,Makthar,إدارة الغابات,,,,avril,51.0,20,,,
,,,,,,,,,,,,,,,,,,donnees-climatiques-gouvernorat-de-siliana,2021.0,,,,,,Makthar,إدارة الغابات,,,,mai,39.0,15,,,
,,,,,,,,,,,,,,,,,,donnees-climatiques-gouvernorat-de-siliana,2021.0,,,,,,Makthar,إدارة الغابات,,,,juin,20.0,8,,,
,,,,,,,,,,,,,,,,,,donnees-climatiques-gouvernorat-de-siliana,2021.0,,,,,,Makthar,إدارة الغابات,,,,juillet,10.0,-,,,
,,,,,,,,,,,,,,,,,,donnees-climatiques-gouvernorat-de-siliana,2021.0,,,,,,Makthar,إدارة الغابات,,,,Août,25.0,26,,,
,,,,,,,,,,,,,,,,,,donnees-climatiques-gouvernorat-de-siliana,2021.0,,,,,,Makthar,إدارة الغابات,,,,septembre,49.0,2,,,
,,,,,,,,,,,,,,,,,,donnees-climatiques-gouvernorat-de-siliana,2021.0,,,,,,Makthar,إدارة الغابات,,,,octobre,50.0,23,,,
,,,,,,,,,,,,,,,,,,donnees-climatiques-gouvernorat-de-siliana,2021.0,,,,,,Makthar,إدارة الغابات,,,,novembre,40.0,2,,,
,,,,,,,,,,,,,,,,,,donnees-climatiques-gouvernorat-de-siliana,2021.0,,,,,,Makthar,إدارة الغابات,,,,décembre,45.0,36,,,
,,,,,,,,,,,,,,,,,,donnees-climatiques-gouvernorat-de-siliana,2021.0,,,,,,Bargou,إدارة الغابات ,,,,janvier,67.0,6,,,
,,,,,,,,,,,,,,,,,,donnees-climatiques-gouvernorat-de-siliana,2021.0,,,,,,Bargou,إدارة الغابات ,,,,février,54.0,28,,,
,,,,,,,,,,,,,,,,,,donnees-climatiques-gouvernorat-de-siliana,2021.0,,,,,,Bargou,إدارة الغابات ,,,,mars,60.0,41,,,
,,,,,,,,,,,,,,,,,,donnees-climatiques-gouvernorat-de-siliana,2021.0,,,,,,Bargou,إدارة الغابات ,,,,avril,52.0,31,,,
,,,,,,,,,,,,,,,,,,donnees-climatiques-gouvernorat-de-siliana,2021.0,,,,,,Bargou,إدارة الغابات ,,,,mai,35.0,15,,,
,,,,,,,,,,,,,,,,,,donnees-climatiques-gouvernorat-de-siliana,2021.0,,,,,,Bargou,إدارة الغابات ,,,,juin,16.0,-,,,
,,,,,,,,,,,,,,,,,,donnees-climatiques-gouvernorat-de-siliana,2021.0,,,,,,Bargou,إدارة الغابات ,,,,juillet,9.0,-,,,
,,,,,,,,,,,,,,,,,,donnees-climatiques-gouvernorat-de-siliana,2021.0,,,,,,Bargou,إدارة الغابات ,,,,Août,20.0,17,,,
,,,,,,,,,,,,,,,,,,donnees-climatiques-gouvernorat-de-siliana,2021.0,,,,,,Bargou,إدارة الغابات ,,,,septembre,50.0,15,,,
,,,,,,,,,,,,,,,,,,donnees-climatiques-gouvernorat-de-siliana,2021.0,,,,,,Bargou,إدارة الغابات ,,,,octobre,59.0,68,,,
,,,,,,,,,,,,,,,,,,donnees-climatiques-gouvernorat-de-siliana,2021.0,,,,,,Bargou,إدارة الغابات ,,,,novembre,51.0,4,,,
,,,,,,,,,,,,,,,,,,donnees-climatiques-gouvernorat-de-siliana,2021.0,,,,,,Bargou,إدارة الغابات ,,,,décembre,57.0,62,,,
,,,,,,,,,,,,,,,,,,donnees-climatiques-gouvernorat-de-siliana,2021.0,,,,,,Kessra,كسرى B9,,,,janvier,49.0,14,,,
,,,,,,,,,,,,,,,,,,donnees-climatiques-gouvernorat-de-siliana,2021.0,,,,,,Kessra,كسرىB9,,,,février,41.0,18,,,
,,,,,,,,,,,,,,,,,,donnees-climatiques-gouvernorat-de-siliana,2021.0,,,,,,Kessra,كسرى B9,,,,mars,46.0,71,,,
,,,,,,,,,,,,,,,,,,donnees-climatiques-gouvernorat-de-siliana,2021.0,,,,,,Kessra,كسرى B9,,,,avril,46.0,23,,,
,,,,,,,,,,,,,,,,,,donnees-climatiques-gouvernorat-de-siliana,2021.0,,,,,,Kessra,كسرى B9,,,,mai,36.0,23,,,
,,,,,,,,,,,,,,,,,,donnees-climatiques-gouvernorat-de-siliana,2021.0,,,,,,Kessra,كسرى B9,,,,juin,22.0,10,,,
,,,,,,,,,,,,,,,,,,donnees-climatiques-gouvernorat-de-siliana,2021.0,,,,,,Kessra,كسرى B9,,,,juillet,6.0,-,,,
,,,,,,,,,,,,,,,,,,donnees-climatiques-gouvernorat-de-siliana,2021.0,,,,,,Kessra,كسرىB9,,,,Août,27.0,28,,,
,,,,,,,,,,,,,,,,,,donnees-climatiques-gouvernorat-de-siliana,2021.0,,,,,,Kessra,كسرىB9,,,,septembre,43.0,13,,,
,,,,,,,,,,,,,,,,,,donnees-climatiques-gouvernorat-de-siliana,2021.0,,,,,,Kessra,كسرى B9,,,,octobre,41.0,21,,,
,,,,,,,,,,,,,,,,,,donnees-climatiques-gouvernorat-de-siliana,2021.0,,,,,,Kessra,كسرى B9,,,,novembre,39.0,2,,,
,,,,,,,,,,,,,,,,,,donnees-climatiques-gouvernorat-de-siliana,2021.0,,,,,,Kessra,كسرى B9,,,,décembre,43.0,17,,,
,,,,,,,,,,,,,,,,,,donnees-climatiques-gouvernorat-de-siliana,2021.0,,,,,,Rouhia,إدارة الفلاحة,,,,janvier,32.0,2,,,
,,,,,,,,,,,,,,,,,,donnees-climatiques-gouvernorat-de-siliana,2021.0,,,,,,Rouhia,إدارة الفلاحة,,,,février,21.0,12,,,
,,,,,,,,,,,,,,,,,,donnees-climatiques-gouvernorat-de-siliana,2021.0,,,,,,Rouhia,إدارة الفلاحة,,,,mars,32.0,34,,,
,,,,,,,,,,,,,,,,,,donnees-climatiques-gouvernorat-de-siliana,2021.0,,,,,,Rouhia,إدارة الفلاحة,,,,avril,38.0,18,,,
,,,,,,,,,,,,,,,,,,donnees-climatiques-gouvernorat-de-siliana,2021.0,,,,,,Rouhia,إدارة الفلاحة,,,,mai,33.0,12,,,
,,,,,,,,,,,,,,,,,,donnees-climatiques-gouvernorat-de-siliana,2021.0,,,,,,Rouhia,إدارة الفلاحة,,,,juin,22.0,7,,,
,,,,,,,,,,,,,,,,,,donnees-climatiques-gouvernorat-de-siliana,2021.0,,,,,,Rouhia,إدارة الفلاحة,,,,juillet,9.0,-,,,
,,,,,,,,,,,,,,,,,,donnees-climatiques-gouvernorat-de-siliana,2021.0,,,,,,Rouhia,إدارة الفلاحة,,,,Août,24.0,2,,,
,,,,,,,,,,,,,,,,,,donnees-climatiques-gouvernorat-de-siliana,2021.0,,,,,,Rouhia,إدارة الفلاحة,,,,septembre,46.0,11,,,
,,,,,,,,,,,,,,,,,,donnees-climatiques-gouvernorat-de-siliana,2021.0,,,,,,Rouhia,إدارة الفلاحة,,,,octobre,31.0,7,,,
,,,,,,,,,,,,,,,,,,donnees-climatiques-gouvernorat-de-siliana,2021.0,,,,,,Rouhia,إدارة الفلاحة,,,,novembre,29.0,-,,,
,,,,,,,,,,,,,,,,,,donnees-climatiques-gouvernorat-de-siliana,2021.0,,,,,,Rouhia,إدارة الفلاحة,,,,décembre,30.0,14,,,
,,,,,,,,,,,,,,,,,,donnees-climatiques-gouvernorat-de-siliana,2022.0,,,,,,Siliana Nord,الإدارة الفنية,,,,janvier,47.0,61,,,
,,,,,,,,,,,,,,,,,,donnees-climatiques-gouvernorat-de-siliana,2022.0,,,,,,Siliana Nord,الإدارة الفنية,,,,février,39.0,8,,,
,,,,,,,,,,,,,,,,,,donnees-climatiques-gouvernorat-de-siliana,2022.0,,,,,,Siliana Nord,الإدارة الفنية,,,,mars,49.0,118,,,
,,,,,,,,,,,,,,,,,,donnees-climatiques-gouvernorat-de-siliana,2022.0,,,,,,Siliana Nord,الإدارة الفنية,,,,avril,40.0,18,,,
,,,,,,,,,,,,,,,,,,donnees-climatiques-gouvernorat-de-siliana,2022.0,,,,,,Siliana Nord,الإدارة الفنية,,,,mai,36.0,18,,,
,,,,,,,,,,,,,,,,,,donnees-climatiques-gouvernorat-de-siliana,2022.0,,,,,,Siliana Nord,الإدارة الفنية,,,,juin,16.0,-,,,
,,,,,,,,,,,,,,,,,,donnees-climatiques-gouvernorat-de-siliana,2022.0,,,,,,Siliana Nord,الإدارة الفنية,,,,juillet,8.0,2,,,
,,,,,,,,,,,,,,,,,,donnees-climatiques-gouvernorat-de-siliana,2022.0,,,,,,Siliana Nord,الإدارة الفنية,,,,Août,19.0,4,,,
,,,,,,,,,,,,,,,,,,donnees-climatiques-gouvernorat-de-siliana,2022.0,,,,,,Siliana Nord,الإدارة الفنية,,,,septembre,44.0,47,,,
,,,,,,,,,,,,,,,,,,donnees-climatiques-gouvernorat-de-siliana,2022.0,,,,,,Siliana Nord,الإدارة الفنية,,,,octobre,47.0,2,,,
,,,,,,,,,,,,,,,,,,donnees-climatiques-gouvernorat-de-siliana,2022.0,,,,,,Siliana Nord,الإدارة الفنية,,,,novembre,37.0,31,,,
,,,,,,,,,,,,,,,,,,donnees-climatiques-gouvernorat-de-siliana,2022.0,,,,,,Siliana Nord,الإدارة الفنية,,,,décembre,35.0,3,,,
,,,,,,,,,,,,,,,,,,donnees-climatiques-gouvernorat-de-siliana,2022.0,,,,,,Siliana Sud,مركز التجارب الرملية,,,,janvier,53.0,49,,,
,,,,,,,,,,,,,,,,,,donnees-climatiques-gouvernorat-de-siliana,2022.0,,,,,,Siliana Sud,مركز التجارب الرملية,,,,février,32.0,10,,,
,,,,,,,,,,,,,,,,,,donnees-climatiques-gouvernorat-de-siliana,2022.0,,,,,,Siliana Sud,مركز التجارب الرملية,,,,mars,51.0,136,,,
,,,,,,,,,,,,,,,,,,donnees-climatiques-gouvernorat-de-siliana,2022.0,,,,,,Siliana Sud,مركز التجارب الرملية,,,,avril,41.0,17,,,
,,,,,,,,,,,,,,,,,,donnees-climatiques-gouvernorat-de-siliana,2022.0,,,,,,Siliana Sud,مركز التجارب الرملية,,,,mai,34.0,11,,,
,,,,,,,,,,,,,,,,,,donnees-climatiques-gouvernorat-de-siliana,2022.0,,,,,,Siliana Sud,مركز التجارب الرملية,,,,juin,18.0,-,,,
,,,,,,,,,,,,,,,,,,donnees-climatiques-gouvernorat-de-siliana,2022.0,,,,,,Siliana Sud,مركز التجارب الرملية,,,,juillet,9.0,-,,,
,,,,,,,,,,,,,,,,,,donnees-climatiques-gouvernorat-de-siliana,2022.0,,,,,,Siliana Sud,مركز التجارب الرملية,,,,Août,25.0,2,,,
,,,,,,,,,,,,,,,,,,donnees-climatiques-gouvernorat-de-siliana,2022.0,,,,,,Siliana Sud,مركز التجارب الرملية,,,,septembre,54.0,43,,,
,,,,,,,,,,,,,,,,,,donnees-climatiques-gouvernorat-de-siliana,2022.0,,,,,,Siliana Sud,مركز التجارب الرملية,,,,octobre,45.0,-,,,
,,,,,,,,,,,,,,,,,,donnees-climatiques-gouvernorat-de-siliana,2022.0,,,,,,Siliana Sud,مركز التجارب الرملية,,,,novembre,40.0,23,,,
,,,,,,,,,,,,,,,,,,donnees-climatiques-gouvernorat-de-siliana,2022.0,,,,,,Siliana Sud,مركز التجارب الرملية,,,,décembre,40.0,-,,,
,,,,,,,,,,,,,,,,,,donnees-climatiques-gouvernorat-de-siliana,2022.0,,,,,,Bouarada,بوعرادة  - د. م . ,,,,janvier,49.0,55,,,
,,,,,,,,,,,,,,,,,,donnees-climatiques-gouvernorat-de-siliana,2022.0,,,,,,Bouarada,بوعرادة  - د. م . ,,,,février,44.0,4,,,
,,,,,,,,,,,,,,,,,,donnees-climatiques-gouvernorat-de-siliana,2022.0,,,,,,Bouarada,بوعرادة  - د. م . ,,,,mars,41.0,132,,,
,,,,,,,,,,,,,,,,,,donnees-climatiques-gouvernorat-de-siliana,2022.0,,,,,,Bouarada,بوعرادة  - د. م . ,,,,avril,36.0,13,,,
,,,,,,,,,,,,,,,,,,donnees-climatiques-gouvernorat-de-siliana,2022.0,,,,,,Bouarada,بوعرادة  - د. م . ,,,,mai,27.0,23,,,
,,,,,,,,,,,,,,,,,,donnees-climatiques-gouvernorat-de-siliana,2022.0,,,,,,Bouarada,بوعرادة  - د. م . ,,,,juin,16.0,-,,,
,,,,,,,,,,,,,,,,,,donnees-climatiques-gouvernorat-de-siliana,2022.0,,,,,,Bouarada,بوعرادة  - د. م . ,,,,juillet,4.0,-,,,
,,,,,,,,,,,,,,,,,,donnees-climatiques-gouvernorat-de-siliana,2022.0,,,,,,Bouarada,بوعرادة  - د. م . ,,,,Août,15.0,19,,,
,,,,,,,,,,,,,,,,,,donnees-climatiques-gouvernorat-de-siliana,2022.0,,,,,,Bouarada,بوعرادة  - د. م . ,,,,septembre,32.0,59,,,
,,,,,,,,,,,,,,,,,,donnees-climatiques-gouvernorat-de-siliana,2022.0,,,,,,Bouarada,بوعرادة  - د. م . ,,,,octobre,34.0,2,,,
,,,,,,,,,,,,,,,,,,donnees-climatiques-gouvernorat-de-siliana,2022.0,,,,,,Bouarada,بوعرادة  - د. م . ,,,,novembre,41.0,19,,,
,,,,,,,,,,,,,,,,,,donnees-climatiques-gouvernorat-de-siliana,2022.0,,,,,,Bouarada,بوعرادة  - د. م . ,,,,décembre,39.0,-,,,
,,,,,,,,,,,,,,,,,,donnees-climatiques-gouvernorat-de-siliana,2022.0,,,,,,Gaafour,المعتمدية,,,,janvier,68.0,49,,,
,,,,,,,,,,,,,,,,,,donnees-climatiques-gouvernorat-de-siliana,2022.0,,,,,,Gaafour,المعتمدية,,,,février,58.0,7,,,
,,,,,,,,,,,,,,,,,,donnees-climatiques-gouvernorat-de-siliana,2022.0,,,,,,Gaafour,المعتمدية,,,,mars,43.0,107,,,
,,,,,,,,,,,,,,,,,,donnees-climatiques-gouvernorat-de-siliana,2022.0,,,,,,Gaafour,المعتمدية,,,,avril,47.0,20.5,,,
,,,,,,,,,,,,,,,,,,donnees-climatiques-gouvernorat-de-siliana,2022.0,,,,,,Gaafour,المعتمدية,,,,mai,24.0,20,,,
,,,,,,,,,,,,,,,,,,donnees-climatiques-gouvernorat-de-siliana,2022.0,,,,,,Gaafour,المعتمدية,,,,juin,13.0,4,,,
,,,,,,,,,,,,,,,,,,donnees-climatiques-gouvernorat-de-siliana,2022.0,,,,,,Gaafour,المعتمدية,,,,juillet,3.0,-,,,
,,,,,,,,,,,,,,,,,,donnees-climatiques-gouvernorat-de-siliana,2022.0,,,,,,Gaafour,المعتمدية,,,,Août,10.0,12,,,
,,,,,,,,,,,,,,,,,,donnees-climatiques-gouvernorat-de-siliana,2022.0,,,,,,Gaafour,المعتمدية,,,,septembre,47.0,43,,,
,,,,,,,,,,,,,,,,,,donnees-climatiques-gouvernorat-de-siliana,2022.0,,,,,,Gaafour,المعتمدية,,,,octobre,40.0,11,,,
,,,,,,,,,,,,,,,,,,donnees-climatiques-gouvernorat-de-siliana,2022.0,,,,,,Gaafour,المعتمدية,,,,novembre,46.0,27,,,
,,,,,,,,,,,,,,,,,,donnees-climatiques-gouvernorat-de-siliana,2022.0,,,,,,Gaafour,المعتمدية,,,,décembre,49.0,1,,,
,,,,,,,,,,,,,,,,,,donnees-climatiques-gouvernorat-de-siliana,2022.0,,,,,,Aroussa,إدارة الفلاحة,,,,janvier,61.0,69,,,
,,,,,,,,,,,,,,,,,,donnees-climatiques-gouvernorat-de-siliana,2022.0,,,,,,Aroussa,إدارة الفلاحة,,,,février,43.0,6,,,
,,,,,,,,,,,,,,,,,,donnees-climatiques-gouvernorat-de-siliana,2022.0,,,,,,Aroussa,إدارة الفلاحة,,,,mars,49.0,126,,,
,,,,,,,,,,,,,,,,,,donnees-climatiques-gouvernorat-de-siliana,2022.0,,,,,,Aroussa,إدارة الفلاحة,,,,avril,40.0,18,,,
,,,,,,,,,,,,,,,,,,donnees-climatiques-gouvernorat-de-siliana,2022.0,,,,,,Aroussa,إدارة الفلاحة,,,,mai,25.0,11,,,
,,,,,,,,,,,,,,,,,,donnees-climatiques-gouvernorat-de-siliana,2022.0,,,,,,Aroussa,إدارة الفلاحة,,,,juin,16.0,6,,,
,,,,,,,,,,,,,,,,,,donnees-climatiques-gouvernorat-de-siliana,2022.0,,,,,,Aroussa,إدارة الفلاحة,,,,juillet,4.0,-,,,
,,,,,,,,,,,,,,,,,,donnees-climatiques-gouvernorat-de-siliana,2022.0,,,,,,Aroussa,إدارة الفلاحة,,,,Août,19.0,3,,,
,,,,,,,,,,,,,,,,,,donnees-climatiques-gouvernorat-de-siliana,2022.0,,,,,,Aroussa,إدارة الفلاحة,,,,septembre,50.0,53,,,
,,,,,,,,,,,,,,,,,,donnees-climatiques-gouvernorat-de-siliana,2022.0,,,,,,Aroussa,إدارة الفلاحة,,,,octobre,35.0,3,,,
,,,,,,,,,,,,,,,,,,donnees-climatiques-gouvernorat-de-siliana,2022.0,,,,,,Aroussa,إدارة الفلاحة,,,,novembre,39.0,23,,,
,,,,,,,,,,,,,,,,,,donnees-climatiques-gouvernorat-de-siliana,2022.0,,,,,,Aroussa,إدارة الفلاحة,,,,décembre,44.0,2,,,
,,,,,,,,,,,,,,,,,,donnees-climatiques-gouvernorat-de-siliana,2022.0,,,,,,Krib,تعاضدية كوسام,,,,janvier,82.0,136,,,
,,,,,,,,,,,,,,,,,,donnees-climatiques-gouvernorat-de-siliana,2022.0,,,,,,Krib,تعاضدية كوسام,,,,février,67.0,14,,,
,,,,,,,,,,,,,,,,,,donnees-climatiques-gouvernorat-de-siliana,2022.0,,,,,,Krib,تعاضدية كوسام,,,,mars,69.0,117.5,,,
,,,,,,,,,,,,,,,,,,donnees-climatiques-gouvernorat-de-siliana,2022.0,,,,,,Krib,تعاضدية كوسام,,,,avril,55.0,26,,,
,,,,,,,,,,,,,,,,,,donnees-climatiques-gouvernorat-de-siliana,2022.0,,,,,,Krib,تعاضدية كوسام,,,,mai,38.0,26,,,
,,,,,,,,,,,,,,,,,,donnees-climatiques-gouvernorat-de-siliana,2022.0,,,,,,Krib,تعاضدية كوسام,,,,juin,17.0,-,,,
,,,,,,,,,,,,,,,,,,donnees-climatiques-gouvernorat-de-siliana,2022.0,,,,,,Krib,تعاضدية كوسام,,,,juillet,4.0,-,,,
,,,,,,,,,,,,,,,,,,donnees-climatiques-gouvernorat-de-siliana,2022.0,,,,,,Krib,تعاضدية كوسام,,,,Août,13.0,9,,,
,,,,,,,,,,,,,,,,,,donnees-climatiques-gouvernorat-de-siliana,2022.0,,,,,,Krib,تعاضدية كوسام,,,,septembre,38.0,25,,,
,,,,,,,,,,,,,,,,,,donnees-climatiques-gouvernorat-de-siliana,2022.0,,,,,,Krib,تعاضدية كوسام,,,,octobre,43.0,27,,,
,,,,,,,,,,,,,,,,,,donnees-climatiques-gouvernorat-de-siliana,2022.0,,,,,,Krib,تعاضدية كوسام,,,,novembre,60.0,91,,,
,,,,,,,,,,,,,,,,,,donnees-climatiques-gouvernorat-de-siliana,2022.0,,,,,,Krib,تعاضدية كوسام,,,,décembre,65.0,3,,,
,,,,,,,,,,,,,,,,,,donnees-climatiques-gouvernorat-de-siliana,2022.0,,,,,,Bourouis,بورويس - SM,,,,janvier,61.0,91,,,
,,,,,,,,,,,,,,,,,,donnees-climatiques-gouvernorat-de-siliana,2022.0,,,,,,Bourouis,بورويس - SM,,,,février,51.0,12,,,
,,,,,,,,,,,,,,,,,,donnees-climatiques-gouvernorat-de-siliana,2022.0,,,,,,Bourouis,بورويس - SM,,,,mars,59.0,98,,,
,,,,,,,,,,,,,,,,,,donnees-climatiques-gouvernorat-de-siliana,2022.0,,,,,,Bourouis,بورويس - SM,,,,avril,47.0,31,,,
,,,,,,,,,,,,,,,,,,donnees-climatiques-gouvernorat-de-siliana,2022.0,,,,,,Bourouis,بورويس - SM,,,,mai,36.0,31,,,
,,,,,,,,,,,,,,,,,,donnees-climatiques-gouvernorat-de-siliana,2022.0,,,,,,Bourouis,بورويس - SM,,,,juin,22.0,-,,,
,,,,,,,,,,,,,,,,,,donnees-climatiques-gouvernorat-de-siliana,2022.0,,,,,,Bourouis,بورويس - SM,,,,juillet,6.0,-,,,
,,,,,,,,,,,,,,,,,,donnees-climatiques-gouvernorat-de-siliana,2022.0,,,,,,Bourouis,بورويس - SM,,,,Août,14.0,2,,,
,,,,,,,,,,,,,,,,,,donnees-climatiques-gouvernorat-de-siliana,2022.0,,,,,,Bourouis,بورويس - SM,,,,septembre,43.0,40,,,
,,,,,,,,,,,,,,,,,,donnees-climatiques-gouvernorat-de-siliana,2022.0,,,,,,Bourouis,بورويس - SM,,,,octobre,47.0,5,,,
,,,,,,,,,,,,,,,,,,donnees-climatiques-gouvernorat-de-siliana,2022.0,,,,,,Bourouis,بورويس - SM,,,,novembre,46.0,64,,,
,,,,,,,,,,,,,,,,,,donnees-climatiques-gouvernorat-de-siliana,2022.0,,,,,,Bourouis,بورويس - SM,,,,décembre,49.0,7,,,
,,,,,,,,,,,,,,,,,,donnees-climatiques-gouvernorat-de-siliana,2022.0,,,,,,Makthar,إدارة الغابات,,,,janvier,57.0,84,,,
,,,,,,,,,,,,,,,,,,donnees-climatiques-gouvernorat-de-siliana,2022.0,,,,,,Makthar,إدارة الغابات,,,,février,47.0,8,,,
,,,,,,,,,,,,,,,,,,donnees-climatiques-gouvernorat-de-siliana,2022.0,,,,,,Makthar,إدارة الغابات,,,,mars,52.0,105,,,
,,,,,,,,,,,,,,,,,,donnees-climatiques-gouvernorat-de-siliana,2022.0,,,,,,Makthar,إدارة الغابات,,,,avril,51.0,15,,,
,,,,,,,,,,,,,,,,,,donnees-climatiques-gouvernorat-de-siliana,2022.0,,,,,,Makthar,إدارة الغابات,,,,mai,39.0,19,,,
,,,,,,,,,,,,,,,,,,donnees-climatiques-gouvernorat-de-siliana,2022.0,,,,,,Makthar,إدارة الغابات,,,,juin,20.0,15,,,
,,,,,,,,,,,,,,,,,,donnees-climatiques-gouvernorat-de-siliana,2022.0,,,,,,Makthar,إدارة الغابات,,,,juillet,10.0,-,,,
,,,,,,,,,,,,,,,,,,donnees-climatiques-gouvernorat-de-siliana,2022.0,,,,,,Makthar,إدارة الغابات,,,,Août,25.0,2,,,
,,,,,,,,,,,,,,,,,,donnees-climatiques-gouvernorat-de-siliana,2022.0,,,,,,Makthar,إدارة الغابات,,,,septembre,49.0,41,,,
,,,,,,,,,,,,,,,,,,donnees-climatiques-gouvernorat-de-siliana,2022.0,,,,,,Makthar,إدارة الغابات,,,,octobre,50.0,-,,,
,,,,,,,,,,,,,,,,,,donnees-climatiques-gouvernorat-de-siliana,2022.0,,,,,,Makthar,إدارة الغابات,,,,novembre,40.0,36,,,
,,,,,,,,,,,,,,,,,,donnees-climatiques-gouvernorat-de-siliana,2022.0,,,,,,Makthar,إدارة الغابات,,,,décembre,45.0,1,,,
,,,,,,,,,,,,,,,,,,donnees-climatiques-gouvernorat-de-siliana,2022.0,,,,,,Bargou,إدارة الغابات ,,,,janvier,67.0,87,,,
,,,,,,,,,,,,,,,,,,donnees-climatiques-gouvernorat-de-siliana,2022.0,,,,,,Bargou,إدارة الغابات ,,,,février,54.0,16,,,
,,,,,,,,,,,,,,,,,,donnees-climatiques-gouvernorat-de-siliana,2022.0,,,,,,Bargou,إدارة الغابات ,,,,mars,60.0,232,,,
,,,,,,,,,,,,,,,,,,donnees-climatiques-gouvernorat-de-siliana,2022.0,,,,,,Bargou,إدارة الغابات ,,,,avril,52.0,27,,,
,,,,,,,,,,,,,,,,,,donnees-climatiques-gouvernorat-de-siliana,2022.0,,,,,,Bargou,إدارة الغابات ,,,,mai,35.0,18,,,
,,,,,,,,,,,,,,,,,,donnees-climatiques-gouvernorat-de-siliana,2022.0,,,,,,Bargou,إدارة الغابات ,,,,juin,16.0,-,,,
,,,,,,,,,,,,,,,,,,donnees-climatiques-gouvernorat-de-siliana,2022.0,,,,,,Bargou,إدارة الغابات ,,,,juillet,9.0,2,,,
,,,,,,,,,,,,,,,,,,donnees-climatiques-gouvernorat-de-siliana,2022.0,,,,,,Bargou,إدارة الغابات ,,,,Août,20.0,9,,,
,,,,,,,,,,,,,,,,,,donnees-climatiques-gouvernorat-de-siliana,2022.0,,,,,,Bargou,إدارة الغابات ,,,,septembre,50.0,43,,,
,,,,,,,,,,,,,,,,,,donnees-climatiques-gouvernorat-de-siliana,2022.0,,,,,,Bargou,إدارة الغابات ,,,,octobre,59.0,24,,,
,,,,,,,,,,,,,,,,,,donnees-climatiques-gouvernorat-de-siliana,2022.0,,,,,,Bargou,إدارة الغابات ,,,,novembre,51.0,31,,,
,,,,,,,,,,,,,,,,,,donnees-climatiques-gouvernorat-de-siliana,2022.0,,,,,,Bargou,إدارة الغابات ,,,,décembre,57.0,5,,,
,,,,,,,,,,,,,,,,,,donnees-climatiques-gouvernorat-de-siliana,2022.0,,,,,,Kessra,كسرى B9,,,,janvier,49.0,102,,,
,,,,,,,,,,,,,,,,,,donnees-climatiques-gouvernorat-de-siliana,2022.0,,,,,,Kessra,كسرىB9,,,,février,41.0,16,,,
,,,,,,,,,,,,,,,,,,donnees-climatiques-gouvernorat-de-siliana,2022.0,,,,,,Kessra,كسرى B9,,,,mars,46.0,212,,,
,,,,,,,,,,,,,,,,,,donnees-climatiques-gouvernorat-de-siliana,2022.0,,,,,,Kessra,كسرى B9,,,,avril,46.0,19,,,
,,,,,,,,,,,,,,,,,,donnees-climatiques-gouvernorat-de-siliana,2022.0,,,,,,Kessra,كسرى B9,,,,mai,36.0,18,,,
,,,,,,,,,,,,,,,,,,donnees-climatiques-gouvernorat-de-siliana,2022.0,,,,,,Kessra,كسرى B9,,,,juin,22.0,7,,,
,,,,,,,,,,,,,,,,,,donnees-climatiques-gouvernorat-de-siliana,2022.0,,,,,,Kessra,كسرى B9,,,,juillet,6.0,11,,,
,,,,,,,,,,,,,,,,,,donnees-climatiques-gouvernorat-de-siliana,2022.0,,,,,,Kessra,كسرىB9,,,,Août,27.0,10,,,
,,,,,,,,,,,,,,,,,,donnees-climatiques-gouvernorat-de-siliana,2022.0,,,,,,Kessra,كسرىB9,,,,septembre,43.0,81,,,
,,,,,,,,,,,,,,,,,,donnees-climatiques-gouvernorat-de-siliana,2022.0,,,,,,Kessra,كسرى B9,,,,octobre,41.0,-,,,
,,,,,,,,,,,,,,,,,,donnees-climatiques-gouvernorat-de-siliana,2022.0,,,,,,Kessra,كسرى B9,,,,novembre,39.0,22,,,
,,,,,,,,,,,,,,,,,,donnees-climatiques-gouvernorat-de-siliana,2022.0,,,,,,Kessra,كسرى B9,,,,décembre,43.0,-,,,
,,,,,,,,,,,,,,,,,,donnees-climatiques-gouvernorat-de-siliana,2022.0,,,,,,Rouhia,إدارة الفلاحة,,,,janvier,32.0,26,,,
,,,,,,,,,,,,,,,,,,donnees-climatiques-gouvernorat-de-siliana,2022.0,,,,,,Rouhia,إدارة الفلاحة,,,,février,21.0,15,,,
,,,,,,,,,,,,,,,,,,donnees-climatiques-gouvernorat-de-siliana,2022.0,,,,,,Rouhia,إدارة الفلاحة,,,,mars,32.0,84,,,
,,,,,,,,,,,,,,,,,,donnees-climatiques-gouvernorat-de-siliana,2022.0,,,,,,Rouhia,إدارة الفلاحة,,,,avril,38.0,6.5,,,
,,,,,,,,,,,,,,,,,,donnees-climatiques-gouvernorat-de-siliana,2022.0,,,,,,Rouhia,إدارة الفلاحة,,,,mai,33.0,9,,,
,,,,,,,,,,,,,,,,,,donnees-climatiques-gouvernorat-de-siliana,2022.0,,,,,,Rouhia,إدارة الفلاحة,,,,juin,22.0,12,,,
,,,,,,,,,,,,,,,,,,donnees-climatiques-gouvernorat-de-siliana,2022.0,,,,,,Rouhia,إدارة الفلاحة,,,,juillet,9.0,10,,,
,,,,,,,,,,,,,,,,,,donnees-climatiques-gouvernorat-de-siliana,2022.0,,,,,,Rouhia,إدارة الفلاحة,,,,Août,24.0,-,,,
,,,,,,,,,,,,,,,,,,donnees-climatiques-gouvernorat-de-siliana,2022.0,,,,,,Rouhia,إدارة الفلاحة,,,,septembre,46.0,67,,,
,,,,,,,,,,,,,,,,,,donnees-climatiques-gouvernorat-de-siliana,2022.0,,,,,,Rouhia,إدارة الفلاحة,,,,octobre,31.0,-,,,
,,,,,,,,,,,,,,,,,,donnees-climatiques-gouvernorat-de-siliana,2022.0,,,,,,Rouhia,إدارة الفلاحة,,,,novembre,29.0,1,,,
,,,,,,,,,,,,,,,,,,donnees-climatiques-gouvernorat-de-siliana,2022.0,,,,,,Rouhia,إدارة الفلاحة,,,,décembre,30.0,2,,,
,,,,,,,,,,,,,,,,,,donnees-climatiques-gouvernorat-de-siliana,2023.0,,,,,,Siliana Nord,الإدارة الفنية,,,,janvier,44.0,47,,,
,,,,,,,,,,,,,,,,,,donnees-climatiques-gouvernorat-de-siliana,2023.0,,,,,,Siliana Nord,الإدارة الفنية,,,,février,54.0,2,,,
,,,,,,,,,,,,,,,,,,donnees-climatiques-gouvernorat-de-siliana,2023.0,,,,,,Siliana Nord,الإدارة الفنية,,,,mars,37.0,31,,,
,,,,,,,,,,,,,,,,,,donnees-climatiques-gouvernorat-de-siliana,2023.0,,,,,,Siliana Nord,الإدارة الفنية,,,,avril,35.0,3,,,
,,,,,,,,,,,,,,,,,,donnees-climatiques-gouvernorat-de-siliana,2023.0,,,,,,Siliana Nord,الإدارة الفنية,,,,mai,47.0,0,,,
,,,,,,,,,,,,,,,,,,donnees-climatiques-gouvernorat-de-siliana,2023.0,,,,,,Siliana Nord,الإدارة الفنية,,,,juin,39.0,22,,,
,,,,,,,,,,,,,,,,,,donnees-climatiques-gouvernorat-de-siliana,2023.0,,,,,,Siliana Nord,الإدارة الفنية,,,,juillet,49.0,0,,,
,,,,,,,,,,,,,,,,,,donnees-climatiques-gouvernorat-de-siliana,2023.0,,,,,,Siliana Nord,الإدارة الفنية,,,,Août,40.0,23,,,
,,,,,,,,,,,,,,,,,,donnees-climatiques-gouvernorat-de-siliana,2023.0,,,,,,Siliana Nord,الإدارة الفنية,,,,septembre,36.0,70,,,
,,,,,,,,,,,,,,,,,,donnees-climatiques-gouvernorat-de-siliana,2023.0,,,,,,Siliana Nord,الإدارة الفنية,,,,octobre,16.0,25,,,
,,,,,,,,,,,,,,,,,,donnees-climatiques-gouvernorat-de-siliana,2023.0,,,,,,Siliana Nord,الإدارة الفنية,,,,novembre,8.0,63,,,
,,,,,,,,,,,,,,,,,,donnees-climatiques-gouvernorat-de-siliana,2023.0,,,,,,Siliana Nord,الإدارة الفنية,,,,décembre,19.0,0,,,
,,,,,,,,,,,,,,,,,,donnees-climatiques-gouvernorat-de-siliana,2023.0,,,,,,Siliana Sud,مركز التجارب الرملية,,,,janvier,54.0,43,,,
,,,,,,,,,,,,,,,,,,donnees-climatiques-gouvernorat-de-siliana,2023.0,,,,,,Siliana Sud,مركز التجارب الرملية,,,,février,45.0,0,,,
,,,,,,,,,,,,,,,,,,donnees-climatiques-gouvernorat-de-siliana,2023.0,,,,,,Siliana Sud,مركز التجارب الرملية,,,,mars,40.0,23,,,
,,,,,,,,,,,,,,,,,,donnees-climatiques-gouvernorat-de-siliana,2023.0,,,,,,Siliana Sud,مركز التجارب الرملية,,,,avril,40.0,0,,,
,,,,,,,,,,,,,,,,,,donnees-climatiques-gouvernorat-de-siliana,2023.0,,,,,,Siliana Sud,مركز التجارب الرملية,,,,mai,53.0,0,,,
,,,,,,,,,,,,,,,,,,donnees-climatiques-gouvernorat-de-siliana,2023.0,,,,,,Siliana Sud,مركز التجارب الرملية,,,,juin,32.0,20,,,
,,,,,,,,,,,,,,,,,,donnees-climatiques-gouvernorat-de-siliana,2023.0,,,,,,Siliana Sud,مركز التجارب الرملية,,,,juillet,51.0,0,,,
,,,,,,,,,,,,,,,,,,donnees-climatiques-gouvernorat-de-siliana,2023.0,,,,,,Siliana Sud,مركز التجارب الرملية,,,,Août,41.0,23,,,
,,,,,,,,,,,,,,,,,,donnees-climatiques-gouvernorat-de-siliana,2023.0,,,,,,Siliana Sud,مركز التجارب الرملية,,,,septembre,34.0,94,,,
,,,,,,,,,,,,,,,,,,donnees-climatiques-gouvernorat-de-siliana,2023.0,,,,,,Siliana Sud,مركز التجارب الرملية,,,,octobre,18.0,23,,,
,,,,,,,,,,,,,,,,,,donnees-climatiques-gouvernorat-de-siliana,2023.0,,,,,,Siliana Sud,مركز التجارب الرملية,,,,novembre,9.0,40,,,
,,,,,,,,,,,,,,,,,,donnees-climatiques-gouvernorat-de-siliana,2023.0,,,,,,Siliana Sud,مركز التجارب الرملية,,,,décembre,25.0,0,,,
,,,,,,,,,,,,,,,,,,donnees-climatiques-gouvernorat-de-siliana,2023.0,,,,,,Bouarada,بوعرادة  - د. م . ,,,,janvier,32.0,59,,,
,,,,,,,,,,,,,,,,,,donnees-climatiques-gouvernorat-de-siliana,2023.0,,,,,,Bouarada,بوعرادة  - د. م . ,,,,février,34.0,2,,,
,,,,,,,,,,,,,,,,,,donnees-climatiques-gouvernorat-de-siliana,2023.0,,,,,,Bouarada,بوعرادة  - د. م . ,,,,mars,41.0,19,,,
,,,,,,,,,,,,,,,,,,donnees-climatiques-gouvernorat-de-siliana,2023.0,,,,,,Bouarada,بوعرادة  - د. م . ,,,,avril,39.0,0,,,
,,,,,,,,,,,,,,,,,,donnees-climatiques-gouvernorat-de-siliana,2023.0,,,,,,Bouarada,بوعرادة  - د. م . ,,,,mai,49.0,0,,,
,,,,,,,,,,,,,,,,,,donnees-climatiques-gouvernorat-de-siliana,2023.0,,,,,,Bouarada,بوعرادة  - د. م . ,,,,juin,44.0,24,,,
,,,,,,,,,,,,,,,,,,donnees-climatiques-gouvernorat-de-siliana,2023.0,,,,,,Bouarada,بوعرادة  - د. م . ,,,,juillet,41.0,1,,,
,,,,,,,,,,,,,,,,,,donnees-climatiques-gouvernorat-de-siliana,2023.0,,,,,,Bouarada,بوعرادة  - د. م . ,,,,Août,36.0,55,,,
,,,,,,,,,,,,,,,,,,donnees-climatiques-gouvernorat-de-siliana,2023.0,,,,,,Bouarada,بوعرادة  - د. م . ,,,,septembre,27.0,76,,,
,,,,,,,,,,,,,,,,,,donnees-climatiques-gouvernorat-de-siliana,2023.0,,,,,,Bouarada,بوعرادة  - د. م . ,,,,octobre,16.0,74,,,
,,,,,,,,,,,,,,,,,,donnees-climatiques-gouvernorat-de-siliana,2023.0,,,,,,Bouarada,بوعرادة  - د. م . ,,,,novembre,4.0,4,,,
,,,,,,,,,,,,,,,,,,donnees-climatiques-gouvernorat-de-siliana,2023.0,,,,,,Bouarada,بوعرادة  - د. م . ,,,,décembre,15.0,0,,,
,,,,,,,,,,,,,,,,,,donnees-climatiques-gouvernorat-de-siliana,2023.0,,,,,,Gaafour,المعتمدية,,,,janvier,47.0,43,,,
,,,,,,,,,,,,,,,,,,donnees-climatiques-gouvernorat-de-siliana,2023.0,,,,,,Gaafour,المعتمدية,,,,février,40.0,11,,,
,,,,,,,,,,,,,,,,,,donnees-climatiques-gouvernorat-de-siliana,2023.0,,,,,,Gaafour,المعتمدية,,,,mars,46.0,27,,,
,,,,,,,,,,,,,,,,,,donnees-climatiques-gouvernorat-de-siliana,2023.0,,,,,,Gaafour,المعتمدية,,,,avril,49.0,1,,,
,,,,,,,,,,,,,,,,,,donnees-climatiques-gouvernorat-de-siliana,2023.0,,,,,,Gaafour,المعتمدية,,,,mai,68.0,0,,,
,,,,,,,,,,,,,,,,,,donnees-climatiques-gouvernorat-de-siliana,2023.0,,,,,,Gaafour,المعتمدية,,,,juin,58.0,21,,,
,,,,,,,,,,,,,,,,,,donnees-climatiques-gouvernorat-de-siliana,2023.0,,,,,,Gaafour,المعتمدية,,,,juillet,43.0,1,,,
,,,,,,,,,,,,,,,,,,donnees-climatiques-gouvernorat-de-siliana,2023.0,,,,,,Gaafour,المعتمدية,,,,Août,47.0,23,,,
,,,,,,,,,,,,,,,,,,donnees-climatiques-gouvernorat-de-siliana,2023.0,,,,,,Gaafour,المعتمدية,,,,septembre,24.0,92,,,
,,,,,,,,,,,,,,,,,,donnees-climatiques-gouvernorat-de-siliana,2023.0,,,,,,Gaafour,المعتمدية,,,,octobre,13.0,63,,,
,,,,,,,,,,,,,,,,,,donnees-climatiques-gouvernorat-de-siliana,2023.0,,,,,,Gaafour,المعتمدية,,,,novembre,3.0,12,,,
,,,,,,,,,,,,,,,,,,donnees-climatiques-gouvernorat-de-siliana,2023.0,,,,,,Gaafour,المعتمدية,,,,décembre,10.0,0,,,
,,,,,,,,,,,,,,,,,,donnees-climatiques-gouvernorat-de-siliana,2023.0,,,,,,Aroussa,إدارة الفلاحة,,,,janvier,50.0,53,,,
,,,,,,,,,,,,,,,,,,donnees-climatiques-gouvernorat-de-siliana,2023.0,,,,,,Aroussa,إدارة الفلاحة,,,,février,35.0,3,,,
,,,,,,,,,,,,,,,,,,donnees-climatiques-gouvernorat-de-siliana,2023.0,,,,,,Aroussa,إدارة الفلاحة,,,,mars,39.0,23,,,
,,,,,,,,,,,,,,,,,,donnees-climatiques-gouvernorat-de-siliana,2023.0,,,,,,Aroussa,إدارة الفلاحة,,,,avril,44.0,2,,,
,,,,,,,,,,,,,,,,,,donnees-climatiques-gouvernorat-de-siliana,2023.0,,,,,,Aroussa,إدارة الفلاحة,,,,mai,61.0,6,,,
,,,,,,,,,,,,,,,,,,donnees-climatiques-gouvernorat-de-siliana,2023.0,,,,,,Aroussa,إدارة الفلاحة,,,,juin,43.0,28,,,
,,,,,,,,,,,,,,,,,,donnees-climatiques-gouvernorat-de-siliana,2023.0,,,,,,Aroussa,إدارة الفلاحة,,,,juillet,49.0,0,,,
,,,,,,,,,,,,,,,,,,donnees-climatiques-gouvernorat-de-siliana,2023.0,,,,,,Aroussa,إدارة الفلاحة,,,,Août,40.0,28,,,
,,,,,,,,,,,,,,,,,,donnees-climatiques-gouvernorat-de-siliana,2023.0,,,,,,Aroussa,إدارة الفلاحة,,,,septembre,25.0,83,,,
,,,,,,,,,,,,,,,,,,donnees-climatiques-gouvernorat-de-siliana,2023.0,,,,,,Aroussa,إدارة الفلاحة,,,,octobre,16.0,67,,,
,,,,,,,,,,,,,,,,,,donnees-climatiques-gouvernorat-de-siliana,2023.0,,,,,,Aroussa,إدارة الفلاحة,,,,novembre,4.0,2,,,
,,,,,,,,,,,,,,,,,,donnees-climatiques-gouvernorat-de-siliana,2023.0,,,,,,Aroussa,إدارة الفلاحة,,,,décembre,19.0,0,,,
,,,,,,,,,,,,,,,,,,donnees-climatiques-gouvernorat-de-siliana,2023.0,,,,,,Krib,تعاضدية كوسام,,,,janvier,38.0,25,,,
,,,,,,,,,,,,,,,,,,donnees-climatiques-gouvernorat-de-siliana,2023.0,,,,,,Krib,تعاضدية كوسام,,,,février,43.0,27,,,
,,,,,,,,,,,,,,,,,,donnees-climatiques-gouvernorat-de-siliana,2023.0,,,,,,Krib,تعاضدية كوسام,,,,mars,60.0,91,,,
,,,,,,,,,,,,,,,,,,donnees-climatiques-gouvernorat-de-siliana,2023.0,,,,,,Krib,تعاضدية كوسام,,,,avril,65.0,3,,,
,,,,,,,,,,,,,,,,,,donnees-climatiques-gouvernorat-de-siliana,2023.0,,,,,,Krib,تعاضدية كوسام,,,,mai,82.0,4,,,
,,,,,,,,,,,,,,,,,,donnees-climatiques-gouvernorat-de-siliana,2023.0,,,,,,Krib,تعاضدية كوسام,,,,juin,67.0,17,,,
,,,,,,,,,,,,,,,,,,donnees-climatiques-gouvernorat-de-siliana,2023.0,,,,,,Krib,تعاضدية كوسام,,,,juillet,69.0,0,,,
,,,,,,,,,,,,,,,,,,donnees-climatiques-gouvernorat-de-siliana,2023.0,,,,,,Krib,تعاضدية كوسام,,,,Août,55.0,52,,,
,,,,,,,,,,,,,,,,,,donnees-climatiques-gouvernorat-de-siliana,2023.0,,,,,,Krib,تعاضدية كوسام,,,,septembre,38.0,69,,,
,,,,,,,,,,,,,,,,,,donnees-climatiques-gouvernorat-de-siliana,2023.0,,,,,,Krib,تعاضدية كوسام,,,,octobre,17.0,65,,,
,,,,,,,,,,,,,,,,,,donnees-climatiques-gouvernorat-de-siliana,2023.0,,,,,,Krib,تعاضدية كوسام,,,,novembre,4.0,14,,,
,,,,,,,,,,,,,,,,,,donnees-climatiques-gouvernorat-de-siliana,2023.0,,,,,,Krib,تعاضدية كوسام,,,,décembre,13.0,0,,,
,,,,,,,,,,,,,,,,,,donnees-climatiques-gouvernorat-de-siliana,2023.0,,,,,,Bourouis,بورويس - SM,,,,janvier,43.0,40,,,
,,,,,,,,,,,,,,,,,,donnees-climatiques-gouvernorat-de-siliana,2023.0,,,,,,Bourouis,بورويس - SM,,,,février,47.0,5,,,
,,,,,,,,,,,,,,,,,,donnees-climatiques-gouvernorat-de-siliana,2023.0,,,,,,Bourouis,بورويس - SM,,,,mars,46.0,64,,,
,,,,,,,,,,,,,,,,,,donnees-climatiques-gouvernorat-de-siliana,2023.0,,,,,,Bourouis,بورويس - SM,,,,avril,49.0,7,,,
,,,,,,,,,,,,,,,,,,donnees-climatiques-gouvernorat-de-siliana,2023.0,,,,,,Bourouis,بورويس - SM,,,,mai,61.0,5,,,
,,,,,,,,,,,,,,,,,,donnees-climatiques-gouvernorat-de-siliana,2023.0,,,,,,Bourouis,بورويس - SM,,,,juin,51.0,20,,,
,,,,,,,,,,,,,,,,,,donnees-climatiques-gouvernorat-de-siliana,2023.0,,,,,,Bourouis,بورويس - SM,,,,juillet,59.0,2,,,
,,,,,,,,,,,,,,,,,,donnees-climatiques-gouvernorat-de-siliana,2023.0,,,,,,Bourouis,بورويس - SM,,,,Août,47.0,25,,,
,,,,,,,,,,,,,,,,,,donnees-climatiques-gouvernorat-de-siliana,2023.0,,,,,,Bourouis,بورويس - SM,,,,septembre,36.0,77,,,
,,,,,,,,,,,,,,,,,,donnees-climatiques-gouvernorat-de-siliana,2023.0,,,,,,Bourouis,بورويس - SM,,,,octobre,22.0,52,,,
,,,,,,,,,,,,,,,,,,donnees-climatiques-gouvernorat-de-siliana,2023.0,,,,,,Bourouis,بورويس - SM,,,,novembre,6.0,32,,,
,,,,,,,,,,,,,,,,,,donnees-climatiques-gouvernorat-de-siliana,2023.0,,,,,,Bourouis,بورويس - SM,,,,décembre,14.0,0,,,
,,,,,,,,,,,,,,,,,,donnees-climatiques-gouvernorat-de-siliana,2023.0,,,,,,Makthar,إدارة الغابات,,,,janvier,49.0,41,,,
,,,,,,,,,,,,,,,,,,donnees-climatiques-gouvernorat-de-siliana,2023.0,,,,,,Makthar,إدارة الغابات,,,,février,50.0,0,,,
,,,,,,,,,,,,,,,,,,donnees-climatiques-gouvernorat-de-siliana,2023.0,,,,,,Makthar,إدارة الغابات,,,,mars,40.0,36,,,
,,,,,,,,,,,,,,,,,,donnees-climatiques-gouvernorat-de-siliana,2023.0,,,,,,Makthar,إدارة الغابات,,,,avril,45.0,1,,,
,,,,,,,,,,,,,,,,,,donnees-climatiques-gouvernorat-de-siliana,2023.0,,,,,,Makthar,إدارة الغابات,,,,mai,57.0,0,,,
,,,,,,,,,,,,,,,,,,donnees-climatiques-gouvernorat-de-siliana,2023.0,,,,,,Makthar,إدارة الغابات,,,,juin,47.0,13,,,
,,,,,,,,,,,,,,,,,,donnees-climatiques-gouvernorat-de-siliana,2023.0,,,,,,Makthar,إدارة الغابات,,,,juillet,52.0,1,,,
,,,,,,,,,,,,,,,,,,donnees-climatiques-gouvernorat-de-siliana,2023.0,,,,,,Makthar,إدارة الغابات,,,,Août,51.0,30,,,
,,,,,,,,,,,,,,,,,,donnees-climatiques-gouvernorat-de-siliana,2023.0,,,,,,Makthar,إدارة الغابات,,,,septembre,39.0,103,,,
,,,,,,,,,,,,,,,,,,donnees-climatiques-gouvernorat-de-siliana,2023.0,,,,,,Makthar,إدارة الغابات,,,,octobre,20.0,43,,,
,,,,,,,,,,,,,,,,,,donnees-climatiques-gouvernorat-de-siliana,2023.0,,,,,,Makthar,إدارة الغابات,,,,novembre,10.0,11,,,
,,,,,,,,,,,,,,,,,,donnees-climatiques-gouvernorat-de-siliana,2023.0,,,,,,Makthar,إدارة الغابات,,,,décembre,25.0,0,,,
,,,,,,,,,,,,,,,,,,donnees-climatiques-gouvernorat-de-siliana,2023.0,,,,,,Bargou,إدارة الغابات ,,,,janvier,50.0,43,,,
,,,,,,,,,,,,,,,,,,donnees-climatiques-gouvernorat-de-siliana,2023.0,,,,,,Bargou,إدارة الغابات ,,,,février,59.0,24,,,
,,,,,,,,,,,,,,,,,,donnees-climatiques-gouvernorat-de-siliana,2023.0,,,,,,Bargou,إدارة الغابات ,,,,mars,51.0,31,,,
,,,,,,,,,,,,,,,,,,donnees-climatiques-gouvernorat-de-siliana,2023.0,,,,,,Bargou,إدارة الغابات ,,,,avril,57.0,5,,,
,,,,,,,,,,,,,,,,,,donnees-climatiques-gouvernorat-de-siliana,2023.0,,,,,,Bargou,إدارة الغابات ,,,,mai,67.0,2,,,
,,,,,,,,,,,,,,,,,,donnees-climatiques-gouvernorat-de-siliana,2023.0,,,,,,Bargou,إدارة الغابات ,,,,juin,54.0,43,,,
,,,,,,,,,,,,,,,,,,donnees-climatiques-gouvernorat-de-siliana,2023.0,,,,,,Bargou,إدارة الغابات ,,,,juillet,60.0,1,,,
,,,,,,,,,,,,,,,,,,donnees-climatiques-gouvernorat-de-siliana,2023.0,,,,,,Bargou,إدارة الغابات ,,,,Août,52.0,36,,,
,,,,,,,,,,,,,,,,,,donnees-climatiques-gouvernorat-de-siliana,2023.0,,,,,,Bargou,إدارة الغابات ,,,,septembre,35.0,135,,,
,,,,,,,,,,,,,,,,,,donnees-climatiques-gouvernorat-de-siliana,2023.0,,,,,,Bargou,إدارة الغابات ,,,,octobre,16.0,36,,,
,,,,,,,,,,,,,,,,,,donnees-climatiques-gouvernorat-de-siliana,2023.0,,,,,,Bargou,إدارة الغابات ,,,,novembre,9.0,39,,,
,,,,,,,,,,,,,,,,,,donnees-climatiques-gouvernorat-de-siliana,2023.0,,,,,,Bargou,إدارة الغابات ,,,,décembre,20.0,9,,,
,,,,,,,,,,,,,,,,,,donnees-climatiques-gouvernorat-de-siliana,2023.0,,,,,,Kessra,كسرى B9,,,,janvier,43.0,81,,,
,,,,,,,,,,,,,,,,,,donnees-climatiques-gouvernorat-de-siliana,2023.0,,,,,,Kessra,كسرىB9,,,,février,41.0,0,,,
,,,,,,,,,,,,,,,,,,donnees-climatiques-gouvernorat-de-siliana,2023.0,,,,,,Kessra,كسرى B9,,,,mars,39.0,22,,,
,,,,,,,,,,,,,,,,,,donnees-climatiques-gouvernorat-de-siliana,2023.0,,,,,,Kessra,كسرى B9,,,,avril,43.0,0,,,
,,,,,,,,,,,,,,,,,,donnees-climatiques-gouvernorat-de-siliana,2023.0,,,,,,Kessra,كسرى B9,,,,mai,49.0,0,,,
,,,,,,,,,,,,,,,,,,donnees-climatiques-gouvernorat-de-siliana,2023.0,,,,,,Kessra,كسرى B9,,,,juin,41.0,37,,,
,,,,,,,,,,,,,,,,,,donnees-climatiques-gouvernorat-de-siliana,2023.0,,,,,,Kessra,كسرى B9,,,,juillet,46.0,0,,,
,,,,,,,,,,,,,,,,,,donnees-climatiques-gouvernorat-de-siliana,2023.0,,,,,,Kessra,كسرىB9,,,,Août,46.0,20,,,
,,,,,,,,,,,,,,,,,,donnees-climatiques-gouvernorat-de-siliana,2023.0,,,,,,Kessra,كسرىB9,,,,septembre,36.0,154,,,
,,,,,,,,,,,,,,,,,,donnees-climatiques-gouvernorat-de-siliana,2023.0,,,,,,Kessra,كسرى B9,,,,octobre,22.0,82,,,
,,,,,,,,,,,,,,,,,,donnees-climatiques-gouvernorat-de-siliana,2023.0,,,,,,Kessra,كسرى B9,,,,novembre,6.0,8,,,
,,,,,,,,,,,,,,,,,,donnees-climatiques-gouvernorat-de-siliana,2023.0,,,,,,Kessra,كسرى B9,,,,décembre,27.0,0,,,
,,,,,,,,,,,,,,,,,,donnees-climatiques-gouvernorat-de-siliana,2023.0,,,,,,Rouhia,إدارة الفلاحة,,,,janvier,46.0,67,,,
,,,,,,,,,,,,,,,,,,donnees-climatiques-gouvernorat-de-siliana,2023.0,,,,,,Rouhia,إدارة الفلاحة,,,,février,31.0,0,,,
,,,,,,,,,,,,,,,,,,donnees-climatiques-gouvernorat-de-siliana,2023.0,,,,,,Rouhia,إدارة الفلاحة,,,,mars,29.0,1,,,
,,,,,,,,,,,,,,,,,,donnees-climatiques-gouvernorat-de-siliana,2023.0,,,,,,Rouhia,إدارة الفلاحة,,,,avril,30.0,2,,,
,,,,,,,,,,,,,,,,,,donnees-climatiques-gouvernorat-de-siliana,2023.0,,,,,,Rouhia,إدارة الفلاحة,,,,mai,32.0,0,,,
,,,,,,,,,,,,,,,,,,donnees-climatiques-gouvernorat-de-siliana,2023.0,,,,,,Rouhia,إدارة الفلاحة,,,,juin,21.0,1,,,
,,,,,,,,,,,,,,,,,,donnees-climatiques-gouvernorat-de-siliana,2023.0,,,,,,Rouhia,إدارة الفلاحة,,,,juillet,32.0,0,,,
,,,,,,,,,,,,,,,,,,donnees-climatiques-gouvernorat-de-siliana,2023.0,,,,,,Rouhia,إدارة الفلاحة,,,,Août,38.0,14,,,
,,,,,,,,,,,,,,,,,,donnees-climatiques-gouvernorat-de-siliana,2023.0,,,,,,Rouhia,إدارة الفلاحة,,,,septembre,33.0,77,,,
,,,,,,,,,,,,,,,,,,donnees-climatiques-gouvernorat-de-siliana,2023.0,,,,,,Rouhia,إدارة الفلاحة,,,,octobre,22.0,66,,,
,,,,,,,,,,,,,,,,,,donnees-climatiques-gouvernorat-de-siliana,2023.0,,,,,,Rouhia,إدارة الفلاحة,,,,novembre,9.0,1,,,
,,,,,,,,,,,,,,,,,,donnees-climatiques-gouvernorat-de-siliana,2023.0,,,,,,Rouhia,إدارة الفلاحة,,,,décembre,24.0,7,,,
,,,,,,,,,,,,,,,,,,donnees-climatiques-gouvernorat-de-siliana,2024.0,,,,,,Siliana Nord,الإدارة الفنية,,,,janvier,44.0,0,,,
,,,,,,,,,,,,,,,,,,donnees-climatiques-gouvernorat-de-siliana,2024.0,,,,,,Siliana Nord,الإدارة الفنية,,,,février,47.0,0,,,
,,,,,,,,,,,,,,,,,,donnees-climatiques-gouvernorat-de-siliana,2024.0,,,,,,Siliana Nord,الإدارة الفنية,,,,mars,37.0,22,,,
,,,,,,,,,,,,,,,,,,donnees-climatiques-gouvernorat-de-siliana,2024.0,,,,,,Siliana Nord,الإدارة الفنية,,,,avril,35.0,75,,,
,,,,,,,,,,,,,,,,,,donnees-climatiques-gouvernorat-de-siliana,2024.0,,,,,,Siliana Nord,الإدارة الفنية,,,,mai,47.0,12,,,
,,,,,,,,,,,,,,,,,,donnees-climatiques-gouvernorat-de-siliana,2024.0,,,,,,Siliana Nord,الإدارة الفنية,,,,juin,39.0,36,,,
,,,,,,,,,,,,,,,,,,donnees-climatiques-gouvernorat-de-siliana,2024.0,,,,,,Siliana Nord,الإدارة الفنية,,,,juillet,49.0,25,,,
,,,,,,,,,,,,,,,,,,donnees-climatiques-gouvernorat-de-siliana,2024.0,,,,,,Siliana Nord,الإدارة الفنية,,,,Août,40.0,9,,,
,,,,,,,,,,,,,,,,,,donnees-climatiques-gouvernorat-de-siliana,2024.0,,,,,,Siliana Nord,الإدارة الفنية,,,,septembre,36.0,42,,,
,,,,,,,,,,,,,,,,,,donnees-climatiques-gouvernorat-de-siliana,2024.0,,,,,,Siliana Nord,الإدارة الفنية,,,,octobre,16.0,0,,,
,,,,,,,,,,,,,,,,,,donnees-climatiques-gouvernorat-de-siliana,2024.0,,,,,,Siliana Nord,الإدارة الفنية,,,,novembre,8.0,0,,,
,,,,,,,,,,,,,,,,,,donnees-climatiques-gouvernorat-de-siliana,2024.0,,,,,,Siliana Nord,الإدارة الفنية,,,,décembre,19.0,9,,,
,,,,,,,,,,,,,,,,,,donnees-climatiques-gouvernorat-de-siliana,2024.0,,,,,,Siliana Sud,مركز التجارب الرملية,,,,janvier,54.0,0,,,
,,,,,,,,,,,,,,,,,,donnees-climatiques-gouvernorat-de-siliana,2024.0,,,,,,Siliana Sud,مركز التجارب الرملية,,,,février,45.0,0,,,
,,,,,,,,,,,,,,,,,,donnees-climatiques-gouvernorat-de-siliana,2024.0,,,,,,Siliana Sud,مركز التجارب الرملية,,,,mars,40.0,20,,,
,,,,,,,,,,,,,,,,,,donnees-climatiques-gouvernorat-de-siliana,2024.0,,,,,,Siliana Sud,مركز التجارب الرملية,,,,avril,40.0,77,,,
,,,,,,,,,,,,,,,,,,donnees-climatiques-gouvernorat-de-siliana,2024.0,,,,,,Siliana Sud,مركز التجارب الرملية,,,,mai,53.0,12,,,
,,,,,,,,,,,,,,,,,,donnees-climatiques-gouvernorat-de-siliana,2024.0,,,,,,Siliana Sud,مركز التجارب الرملية,,,,juin,32.0,34,,,
,,,,,,,,,,,,,,,,,,donnees-climatiques-gouvernorat-de-siliana,2024.0,,,,,,Siliana Sud,مركز التجارب الرملية,,,,juillet,51.0,23,,,
,,,,,,,,,,,,,,,,,,donnees-climatiques-gouvernorat-de-siliana,2024.0,,,,,,Siliana Sud,مركز التجارب الرملية,,,,Août,41.0,11,,,
,,,,,,,,,,,,,,,,,,donnees-climatiques-gouvernorat-de-siliana,2024.0,,,,,,Siliana Sud,مركز التجارب الرملية,,,,septembre,34.0,30,,,
,,,,,,,,,,,,,,,,,,donnees-climatiques-gouvernorat-de-siliana,2024.0,,,,,,Siliana Sud,مركز التجارب الرملية,,,,octobre,18.0,0,,,
,,,,,,,,,,,,,,,,,,donnees-climatiques-gouvernorat-de-siliana,2024.0,,,,,,Siliana Sud,مركز التجارب الرملية,,,,novembre,9.0,0,,,
,,,,,,,,,,,,,,,,,,donnees-climatiques-gouvernorat-de-siliana,2024.0,,,,,,Siliana Sud,مركز التجارب الرملية,,,,décembre,25.0,12,,,
,,,,,,,,,,,,,,,,,,donnees-climatiques-gouvernorat-de-siliana,2024.0,,,,,,Bouarada,بوعرادة  - د. م . ,,,,janvier,32.0,0,,,
,,,,,,,,,,,,,,,,,,donnees-climatiques-gouvernorat-de-siliana,2024.0,,,,,,Bouarada,بوعرادة  - د. م . ,,,,février,34.0,0,,,
,,,,,,,,,,,,,,,,,,donnees-climatiques-gouvernorat-de-siliana,2024.0,,,,,,Bouarada,بوعرادة  - د. م . ,,,,mars,41.0,37,,,
,,,,,,,,,,,,,,,,,,donnees-climatiques-gouvernorat-de-siliana,2024.0,,,,,,Bouarada,بوعرادة  - د. م . ,,,,avril,39.0,106,,,
,,,,,,,,,,,,,,,,,,donnees-climatiques-gouvernorat-de-siliana,2024.0,,,,,,Bouarada,بوعرادة  - د. م . ,,,,mai,49.0,28,,,
,,,,,,,,,,,,,,,,,,donnees-climatiques-gouvernorat-de-siliana,2024.0,,,,,,Bouarada,بوعرادة  - د. م . ,,,,juin,44.0,29,,,
,,,,,,,,,,,,,,,,,,donnees-climatiques-gouvernorat-de-siliana,2024.0,,,,,,Bouarada,بوعرادة  - د. م . ,,,,juillet,41.0,17,,,
,,,,,,,,,,,,,,,,,,donnees-climatiques-gouvernorat-de-siliana,2024.0,,,,,,Bouarada,بوعرادة  - د. م . ,,,,Août,36.0,11,,,
,,,,,,,,,,,,,,,,,,donnees-climatiques-gouvernorat-de-siliana,2024.0,,,,,,Bouarada,بوعرادة  - د. م . ,,,,septembre,27.0,42,,,
,,,,,,,,,,,,,,,,,,donnees-climatiques-gouvernorat-de-siliana,2024.0,,,,,,Bouarada,بوعرادة  - د. م . ,,,,octobre,16.0,0,,,
,,,,,,,,,,,,,,,,,,donnees-climatiques-gouvernorat-de-siliana,2024.0,,,,,,Bouarada,بوعرادة  - د. م . ,,,,novembre,4.0,0,,,
,,,,,,,,,,,,,,,,,,donnees-climatiques-gouvernorat-de-siliana,2024.0,,,,,,Bouarada,بوعرادة  - د. م . ,,,,décembre,15.0,17,,,
,,,,,,,,,,,,,,,,,,donnees-climatiques-gouvernorat-de-siliana,2024.0,,,,,,Gaafour,المعتمدية,,,,janvier,47.0,0,,,
,,,,,,,,,,,,,,,,,,donnees-climatiques-gouvernorat-de-siliana,2024.0,,,,,,Gaafour,المعتمدية,,,,février,40.0,0,,,
,,,,,,,,,,,,,,,,,,donnees-climatiques-gouvernorat-de-siliana,2024.0,,,,,,Gaafour,المعتمدية,,,,mars,46.0,36,,,
,,,,,,,,,,,,,,,,,,donnees-climatiques-gouvernorat-de-siliana,2024.0,,,,,,Gaafour,المعتمدية,,,,avril,49.0,80,,,
,,,,,,,,,,,,,,,,,,donnees-climatiques-gouvernorat-de-siliana,2024.0,,,,,,Gaafour,المعتمدية,,,,mai,68.0,19,,,
,,,,,,,,,,,,,,,,,,donnees-climatiques-gouvernorat-de-siliana,2024.0,,,,,,Gaafour,المعتمدية,,,,juin,58.0,27,,,
,,,,,,,,,,,,,,,,,,donnees-climatiques-gouvernorat-de-siliana,2024.0,,,,,,Gaafour,المعتمدية,,,,juillet,43.0,21,,,
,,,,,,,,,,,,,,,,,,donnees-climatiques-gouvernorat-de-siliana,2024.0,,,,,,Gaafour,المعتمدية,,,,Août,47.0,12,,,
,,,,,,,,,,,,,,,,,,donnees-climatiques-gouvernorat-de-siliana,2024.0,,,,,,Gaafour,المعتمدية,,,,septembre,24.0,27,,,
,,,,,,,,,,,,,,,,,,donnees-climatiques-gouvernorat-de-siliana,2024.0,,,,,,Gaafour,المعتمدية,,,,octobre,13.0,0,,,
,,,,,,,,,,,,,,,,,,donnees-climatiques-gouvernorat-de-siliana,2024.0,,,,,,Gaafour,المعتمدية,,,,novembre,3.0,0,,,
,,,,,,,,,,,,,,,,,,donnees-climatiques-gouvernorat-de-siliana,2024.0,,,,,,Gaafour,المعتمدية,,,,décembre,10.0,7,,,
,,,,,,,,,,,,,,,,,,donnees-climatiques-gouvernorat-de-siliana,2024.0,,,,,,Aroussa,إدارة الفلاحة,,,,janvier,50.0,0,,,
,,,,,,,,,,,,,,,,,,donnees-climatiques-gouvernorat-de-siliana,2024.0,,,,,,Aroussa,إدارة الفلاحة,,,,février,35.0,0,,,
,,,,,,,,,,,,,,,,,,donnees-climatiques-gouvernorat-de-siliana,2024.0,,,,,,Aroussa,إدارة الفلاحة,,,,mars,39.0,29,,,
,,,,,,,,,,,,,,,,,,donnees-climatiques-gouvernorat-de-siliana,2024.0,,,,,,Aroussa,إدارة الفلاحة,,,,avril,44.0,97,,,
,,,,,,,,,,,,,,,,,,donnees-climatiques-gouvernorat-de-siliana,2024.0,,,,,,Aroussa,إدارة الفلاحة,,,,mai,61.0,15,,,
,,,,,,,,,,,,,,,,,,donnees-climatiques-gouvernorat-de-siliana,2024.0,,,,,,Aroussa,إدارة الفلاحة,,,,juin,43.0,30,,,
,,,,,,,,,,,,,,,,,,donnees-climatiques-gouvernorat-de-siliana,2024.0,,,,,,Aroussa,إدارة الفلاحة,,,,juillet,49.0,33,,,
,,,,,,,,,,,,,,,,,,donnees-climatiques-gouvernorat-de-siliana,2024.0,,,,,,Aroussa,إدارة الفلاحة,,,,Août,40.0,3,,,
,,,,,,,,,,,,,,,,,,donnees-climatiques-gouvernorat-de-siliana,2024.0,,,,,,Aroussa,إدارة الفلاحة,,,,septembre,25.0,63,,,
,,,,,,,,,,,,,,,,,,donnees-climatiques-gouvernorat-de-siliana,2024.0,,,,,,Aroussa,إدارة الفلاحة,,,,octobre,16.0,0,,,
,,,,,,,,,,,,,,,,,,donnees-climatiques-gouvernorat-de-siliana,2024.0,,,,,,Aroussa,إدارة الفلاحة,,,,novembre,4.0,0,,,
,,,,,,,,,,,,,,,,,,donnees-climatiques-gouvernorat-de-siliana,2024.0,,,,,,Aroussa,إدارة الفلاحة,,,,décembre,19.0,17,,,
,,,,,,,,,,,,,,,,,,donnees-climatiques-gouvernorat-de-siliana,2024.0,,,,,,Krib,تعاضدية كوسام,,,,janvier,38.0,0,,,
,,,,,,,,,,,,,,,,,,donnees-climatiques-gouvernorat-de-siliana,2024.0,,,,,,Krib,تعاضدية كوسام,,,,février,43.0,0,,,
,,,,,,,,,,,,,,,,,,donnees-climatiques-gouvernorat-de-siliana,2024.0,,,,,,Krib,تعاضدية كوسام,,,,mars,60.0,44,,,
,,,,,,,,,,,,,,,,,,donnees-climatiques-gouvernorat-de-siliana,2024.0,,,,,,Krib,تعاضدية كوسام,,,,avril,65.0,130,,,
,,,,,,,,,,,,,,,,,,donnees-climatiques-gouvernorat-de-siliana,2024.0,,,,,,Krib,تعاضدية كوسام,,,,mai,82.0,45,,,
,,,,,,,,,,,,,,,,,,donnees-climatiques-gouvernorat-de-siliana,2024.0,,,,,,Krib,تعاضدية كوسام,,,,juin,67.0,77,,,
,,,,,,,,,,,,,,,,,,donnees-climatiques-gouvernorat-de-siliana,2024.0,,,,,,Krib,تعاضدية كوسام,,,,juillet,69.0,25,,,
,,,,,,,,,,,,,,,,,,donnees-climatiques-gouvernorat-de-siliana,2024.0,,,,,,Krib,تعاضدية كوسام,,,,Août,55.0,9,,,
,,,,,,,,,,,,,,,,,,donnees-climatiques-gouvernorat-de-siliana,2024.0,,,,,,Krib,تعاضدية كوسام,,,,septembre,38.0,33,,,
,,,,,,,,,,,,,,,,,,donnees-climatiques-gouvernorat-de-siliana,2024.0,,,,,,Krib,تعاضدية كوسام,,,,octobre,17.0,0,,,
,,,,,,,,,,,,,,,,,,donnees-climatiques-gouvernorat-de-siliana,2024.0,,,,,,Krib,تعاضدية كوسام,,,,novembre,4.0,0,,,
,,,,,,,,,,,,,,,,,,donnees-climatiques-gouvernorat-de-siliana,2024.0,,,,,,Krib,تعاضدية كوسام,,,,décembre,13.0,8,,,
,,,,,,,,,,,,,,,,,,donnees-climatiques-gouvernorat-de-siliana,2024.0,,,,,,Bourouis,بورويس - SM,,,,janvier,43.0,0,,,
,,,,,,,,,,,,,,,,,,donnees-climatiques-gouvernorat-de-siliana,2024.0,,,,,,Bourouis,بورويس - SM,,,,février,47.0,0,,,
,,,,,,,,,,,,,,,,,,donnees-climatiques-gouvernorat-de-siliana,2024.0,,,,,,Bourouis,بورويس - SM,,,,mars,46.0,36,,,
,,,,,,,,,,,,,,,,,,donnees-climatiques-gouvernorat-de-siliana,2024.0,,,,,,Bourouis,بورويس - SM,,,,avril,49.0,112,,,
,,,,,,,,,,,,,,,,,,donnees-climatiques-gouvernorat-de-siliana,2024.0,,,,,,Bourouis,بورويس - SM,,,,mai,61.0,14,,,
,,,,,,,,,,,,,,,,,,donnees-climatiques-gouvernorat-de-siliana,2024.0,,,,,,Bourouis,بورويس - SM,,,,juin,51.0,52,,,
,,,,,,,,,,,,,,,,,,donnees-climatiques-gouvernorat-de-siliana,2024.0,,,,,,Bourouis,بورويس - SM,,,,juillet,59.0,32,,,
,,,,,,,,,,,,,,,,,,donnees-climatiques-gouvernorat-de-siliana,2024.0,,,,,,Bourouis,بورويس - SM,,,,Août,47.0,11,,,
,,,,,,,,,,,,,,,,,,donnees-climatiques-gouvernorat-de-siliana,2024.0,,,,,,Bourouis,بورويس - SM,,,,septembre,36.0,51,,,
,,,,,,,,,,,,,,,,,,donnees-climatiques-gouvernorat-de-siliana,2024.0,,,,,,Bourouis,بورويس - SM,,,,octobre,22.0,0,,,
,,,,,,,,,,,,,,,,,,donnees-climatiques-gouvernorat-de-siliana,2024.0,,,,,,Bourouis,بورويس - SM,,,,novembre,6.0,0,,,
,,,,,,,,,,,,,,,,,,donnees-climatiques-gouvernorat-de-siliana,2024.0,,,,,,Bourouis,بورويس - SM,,,,décembre,14.0,38,,,
,,,,,,,,,,,,,,,,,,donnees-climatiques-gouvernorat-de-siliana,2024.0,,,,,,Makthar,إدارة الغابات,,,,janvier,49.0,0,,,
,,,,,,,,,,,,,,,,,,donnees-climatiques-gouvernorat-de-siliana,2024.0,,,,,,Makthar,إدارة الغابات,,,,février,50.0,0,,,
,,,,,,,,,,,,,,,,,,donnees-climatiques-gouvernorat-de-siliana,2024.0,,,,,,Makthar,إدارة الغابات,,,,mars,40.0,63,,,
,,,,,,,,,,,,,,,,,,donnees-climatiques-gouvernorat-de-siliana,2024.0,,,,,,Makthar,إدارة الغابات,,,,avril,45.0,126,,,
,,,,,,,,,,,,,,,,,,donnees-climatiques-gouvernorat-de-siliana,2024.0,,,,,,Makthar,إدارة الغابات,,,,mai,57.0,5,,,
,,,,,,,,,,,,,,,,,,donnees-climatiques-gouvernorat-de-siliana,2024.0,,,,,,Makthar,إدارة الغابات,,,,juin,47.0,50,,,
,,,,,,,,,,,,,,,,,,donnees-climatiques-gouvernorat-de-siliana,2024.0,,,,,,Makthar,إدارة الغابات,,,,juillet,52.0,25,,,
,,,,,,,,,,,,,,,,,,donnees-climatiques-gouvernorat-de-siliana,2024.0,,,,,,Makthar,إدارة الغابات,,,,Août,51.0,18,,,
,,,,,,,,,,,,,,,,,,donnees-climatiques-gouvernorat-de-siliana,2024.0,,,,,,Makthar,إدارة الغابات,,,,septembre,39.0,23,,,
,,,,,,,,,,,,,,,,,,donnees-climatiques-gouvernorat-de-siliana,2024.0,,,,,,Makthar,إدارة الغابات,,,,octobre,20.0,0,,,
,,,,,,,,,,,,,,,,,,donnees-climatiques-gouvernorat-de-siliana,2024.0,,,,,,Makthar,إدارة الغابات,,,,novembre,10.0,0,,,
,,,,,,,,,,,,,,,,,,donnees-climatiques-gouvernorat-de-siliana,2024.0,,,,,,Makthar,إدارة الغابات,,,,décembre,25.0,30,,,
,,,,,,,,,,,,,,,,,,donnees-climatiques-gouvernorat-de-siliana,2024.0,,,,,,Bargou,إدارة الغابات ,,,,janvier,50.0,0,,,
,,,,,,,,,,,,,,,,,,donnees-climatiques-gouvernorat-de-siliana,2024.0,,,,,,Bargou,إدارة الغابات ,,,,février,59.0,0,,,
,,,,,,,,,,,,,,,,,,donnees-climatiques-gouvernorat-de-siliana,2024.0,,,,,,Bargou,إدارة الغابات ,,,,mars,51.0,36,,,
,,,,,,,,,,,,,,,,,,donnees-climatiques-gouvernorat-de-siliana,2024.0,,,,,,Bargou,إدارة الغابات ,,,,avril,57.0,125,,,
,,,,,,,,,,,,,,,,,,donnees-climatiques-gouvernorat-de-siliana,2024.0,,,,,,Bargou,إدارة الغابات ,,,,mai,67.0,31,,,
,,,,,,,,,,,,,,,,,,donnees-climatiques-gouvernorat-de-siliana,2024.0,,,,,,Bargou,إدارة الغابات ,,,,juin,54.0,53,,,
,,,,,,,,,,,,,,,,,,donnees-climatiques-gouvernorat-de-siliana,2024.0,,,,,,Bargou,إدارة الغابات ,,,,juillet,60.0,87,,,
,,,,,,,,,,,,,,,,,,donnees-climatiques-gouvernorat-de-siliana,2024.0,,,,,,Bargou,إدارة الغابات ,,,,Août,52.0,32,,,
,,,,,,,,,,,,,,,,,,donnees-climatiques-gouvernorat-de-siliana,2024.0,,,,,,Bargou,إدارة الغابات ,,,,septembre,35.0,46,,,
,,,,,,,,,,,,,,,,,,donnees-climatiques-gouvernorat-de-siliana,2024.0,,,,,,Bargou,إدارة الغابات ,,,,octobre,16.0,0,,,
,,,,,,,,,,,,,,,,,,donnees-climatiques-gouvernorat-de-siliana,2024.0,,,,,,Bargou,إدارة الغابات ,,,,novembre,9.0,0,,,
,,,,,,,,,,,,,,,,,,donnees-climatiques-gouvernorat-de-siliana,2024.0,,,,,,Bargou,إدارة الغابات ,,,,décembre,20.0,10,,,
,,,,,,,,,,,,,,,,,,donnees-climatiques-gouvernorat-de-siliana,2024.0,,,,,,Kessra,كسرى B9,,,,janvier,43.0,0,,,
,,,,,,,,,,,,,,,,,,donnees-climatiques-gouvernorat-de-siliana,2024.0,,,,,,Kessra,كسرىB9,,,,février,41.0,0,,,
,,,,,,,,,,,,,,,,,,donnees-climatiques-gouvernorat-de-siliana,2024.0,,,,,,Kessra,كسرى B9,,,,mars,39.0,39,,,
,,,,,,,,,,,,,,,,,,donnees-climatiques-gouvernorat-de-siliana,2024.0,,,,,,Kessra,كسرى B9,,,,avril,43.0,149,,,
,,,,,,,,,,,,,,,,,,donnees-climatiques-gouvernorat-de-siliana,2024.0,,,,,,Kessra,كسرى B9,,,,mai,49.0,7,,,
,,,,,,,,,,,,,,,,,,donnees-climatiques-gouvernorat-de-siliana,2024.0,,,,,,Kessra,كسرى B9,,,,juin,41.0,54,,,
,,,,,,,,,,,,,,,,,,donnees-climatiques-gouvernorat-de-siliana,2024.0,,,,,,Kessra,كسرى B9,,,,juillet,46.0,47,,,
,,,,,,,,,,,,,,,,,,donnees-climatiques-gouvernorat-de-siliana,2024.0,,,,,,Kessra,كسرىB9,,,,Août,46.0,24,,,
,,,,,,,,,,,,,,,,,,donnees-climatiques-gouvernorat-de-siliana,2024.0,,,,,,Kessra,كسرىB9,,,,septembre,36.0,30,,,
,,,,,,,,,,,,,,,,,,donnees-climatiques-gouvernorat-de-siliana,2024.0,,,,,,Kessra,كسرى B9,,,,octobre,22.0,0,,,
,,,,,,,,,,,,,,,,,,donnees-climatiques-gouvernorat-de-siliana,2024.0,,,,,,Kessra,كسرى B9,,,,novembre,6.0,0,,,
,,,,,,,,,,,,,,,,,,donnees-climatiques-gouvernorat-de-siliana,2024.0,,,,,,Kessra,كسرى B9,,,,décembre,27.0,49,,,
,,,,,,,,,,,,,,,,,,donnees-climatiques-gouvernorat-de-siliana,2024.0,,,,,,Rouhia,إدارة الفلاحة,,,,janvier,46.0,0,,,
,,,,,,,,,,,,,,,,,,donnees-climatiques-gouvernorat-de-siliana,2024.0,,,,,,Rouhia,إدارة الفلاحة,,,,février,31.0,0,,,
,,,,,,,,,,,,,,,,,,donnees-climatiques-gouvernorat-de-siliana,2024.0,,,,,,Rouhia,إدارة الفلاحة,,,,mars,29.0,15,,,
,,,,,,,,,,,,,,,,,,donnees-climatiques-gouvernorat-de-siliana,2024.0,,,,,,Rouhia,إدارة الفلاحة,,,,avril,30.0,39,,,
,,,,,,,,,,,,,,,,,,donnees-climatiques-gouvernorat-de-siliana,2024.0,,,,,,Rouhia,إدارة الفلاحة,,,,mai,32.0,2,,,
,,,,,,,,,,,,,,,,,,donnees-climatiques-gouvernorat-de-siliana,2024.0,,,,,,Rouhia,إدارة الفلاحة,,,,juin,21.0,18,,,
,,,,,,,,,,,,,,,,,,donnees-climatiques-gouvernorat-de-siliana,2024.0,,,,,,Rouhia,إدارة الفلاحة,,,,juillet,32.0,14,,,
,,,,,,,,,,,,,,,,,,donnees-climatiques-gouvernorat-de-siliana,2024.0,,,,,,Rouhia,إدارة الفلاحة,,,,Août,38.0,12,,,
,,,,,,,,,,,,,,,,,,donnees-climatiques-gouvernorat-de-siliana,2024.0,,,,,,Rouhia,إدارة الفلاحة,,,,septembre,33.0,22,,,
,,,,,,,,,,,,,,,,,,donnees-climatiques-gouvernorat-de-siliana,2024.0,,,,,,Rouhia,إدارة الفلاحة,,,,octobre,22.0,0,,,
,,,,,,,,,,,,,,,,,,donnees-climatiques-gouvernorat-de-siliana,2024.0,,,,,,Rouhia,إدارة الفلاحة,,,,novembre,9.0,0,,,
,,,,,,,,,,,,,,,,,,donnees-climatiques-gouvernorat-de-siliana,2024.0,,,,,,Rouhia,إدارة الفلاحة,,,,décembre,24.0,30,,,
,,,,,,,,,,,,,,,,,,donnees-climatiques-gouvernorat-de-siliana,2020.0,,,,,,Siliana (N+ S),,,,,,,,6 – 17,21 – 36,15 – 19
,,,,,,,,,,,,,,,,,,donnees-climatiques-gouvernorat-de-siliana,2020.0,,,,,,Bouarada,,,,,,,,,,
,,,,,,,,,,,,,,,,,,donnees-climatiques-gouvernorat-de-siliana,2020.0,,,,,,Gaafour,,,,,,,,,,
,,,,,,,,,,,,,,,,,,donnees-climatiques-gouvernorat-de-siliana,2020.0,,,,,,El Krib,,,,,,,,,,
,,,,,,,,,,,,,,,,,,donnees-climatiques-gouvernorat-de-siliana,2020.0,,,,,,Bourouis,,,,,,,,,,
,,,,,,,,,,,,,,,,,,donnees-climatiques-gouvernorat-de-siliana,2020.0,,,,,,Makthar,,,,,,,,,,
,,,,,,,,,,,,,,,,,,donnees-climatiques-gouvernorat-de-siliana,2020.0,,,,,,Bargou,,,,,,,,,,
,,,,,,,,,,,,,,,,,,donnees-climatiques-gouvernorat-de-siliana,2020.0,,,,,,Kesra,,,,,,,,,,
,,,,,,,,,,,,,,,,,,donnees-climatiques-gouvernorat-de-siliana,2020.0,,,,,,Rouhia,,,,,,,,,,
,,,,,,,,,,,,,,,,,,donnees-climatiques-gouvernorat-de-siliana,2021.0,,,,,,Siliana (N+ S),,,,,,,,6 – 17,21 – 36,15 – 19
,,,,,,,,,,,,,,,,,,donnees-climatiques-gouvernorat-de-siliana,2021.0,,,,,,Bouarada,,,,,,,,,,
,,,,,,,,,,,,,,,,,,donnees-climatiques-gouvernorat-de-siliana,2021.0,,,,,,Gaafour,,,,,,,,,,
,,,,,,,,,,,,,,,,,,donnees-climatiques-gouvernorat-de-siliana,2021.0,,,,,,El Krib,,,,,,,,,,
,,,,,,,,,,,,,,,,,,donnees-climatiques-gouvernorat-de-siliana,2021.0,,,,,,Bourouis,,,,,,,,,,
,,,,,,,,,,,,,,,,,,donnees-climatiques-gouvernorat-de-siliana,2021.0,,,,,,Makthar,,,,,,,,,,
,,,,,,,,,,,,,,,,,,donnees-climatiques-gouvernorat-de-siliana,2021.0,,,,,,Bargou,,,,,,,,,,
,,,,,,,,,,,,,,,,,,donnees-climatiques-gouvernorat-de-siliana,2021.0,,,,,,Kesra,,,,,,,,,,
,,,,,,,,,,,,,,,,,,donnees-climatiques-gouvernorat-de-siliana,2021.0,,,,,,Rouhia,,,,,,,,,,
,,,,,,,,,,,,,,,,,,donnees-climatiques-gouvernorat-de-siliana,2022.0,,,,,,Siliana (N+ S),,,,,,,,6 – 17,21 – 36,15 – 19
,,,,,,,,,,,,,,,,,,donnees-climatiques-gouvernorat-de-siliana,2022.0,,,,,,Bouarada,,,,,,,,,,
,,,,,,,,,,,,,,,,,,donnees-climatiques-gouvernorat-de-siliana,2022.0,,,,,,Gaafour,,,,,,,,,,
,,,,,,,,,,,,,,,,,,donnees-climatiques-gouvernorat-de-siliana,2022.0,,,,,,El Krib,,,,,,,,,,
,,,,,,,,,,,,,,,,,,donnees-climatiques-gouvernorat-de-siliana,2022.0,,,,,,Bourouis,,,,,,,,,,
,,,,,,,,,,,,,,,,,,donnees-climatiques-gouvernorat-de-siliana,2022.0,,,,,,Makthar,,,,,,,,,,
,,,,,,,,,,,,,,,,,,donnees-climatiques-gouvernorat-de-siliana,2022.0,,,,,,Bargou,,,,,,,,,,
,,,,,,,,,,,,,,,,,,donnees-climatiques-gouvernorat-de-siliana,2022.0,,,,,,Kesra,,,,,,,,,,
,,,,,,,,,,,,,,,,,,donnees-climatiques-gouvernorat-de-siliana,2022.0,,,,,,Rouhia,,,,,,,,,,
,,,,,,,,,,,,,,,,,,donnees-climatiques-gouvernorat-de-siliana,2023.0,,,,,,Siliana (N+ S),,,,,,,,6 – 17,21 – 36,15 – 19
,,,,,,,,,,,,,,,,,,donnees-climatiques-gouvernorat-de-siliana,2023.0,,,,,,Bouarada,,,,,,,,,,
,,,,,,,,,,,,,,,,,,donnees-climatiques-gouvernorat-de-siliana,2023.0,,,,,,Gaafour,,,,,,,,,,
,,,,,,,,,,,,,,,,,,donnees-climatiques-gouvernorat-de-siliana,2023.0,,,,,,El Krib,,,,,,,,,,
,,,,,,,,,,,,,,,,,,donnees-climatiques-gouvernorat-de-siliana,2023.0,,,,,,Bourouis,,,,,,,,,,
,,,,,,,,,,,,,,,,,,donnees-climatiques-gouvernorat-de-siliana,2023.0,,,,,,Makthar,,,,,,,,,,
,,,,,,,,,,,,,,,,,,donnees-climatiques-gouvernorat-de-siliana,2023.0,,,,,,Bargou,,,,,,,,,,
,,,,,,,,,,,,,,,,,,donnees-climatiques-gouvernorat-de-siliana,2023.0,,,,,,Kesra,,,,,,,,,,
,,,,,,,,,,,,,,,,,,donnees-climatiques-gouvernorat-de-siliana,2023.0,,,,,,Rouhia,,,,,,,,,,
,,,,,,,,,,,,,,,,,,donnees-climatiques-gouvernorat-de-siliana,2024.0,,,,,,Siliana (N+ S),,,,,,,,6 – 17,21 – 36,15 – 19
,,,,,,,,,,,,,,,,,,donnees-climatiques-gouvernorat-de-siliana,2024.0,,,,,,Bouarada,,,,,,,,,,
,,,,,,,,,,,,,,,,,,donnees-climatiques-gouvernorat-de-siliana,2024.0,,,,,,Gaafour,,,,,,,,,,
,,,,,,,,,,,,,,,,,,donnees-climatiques-gouvernorat-de-siliana,2024.0,,,,,,El Krib,,,,,,,,,,
,,,,,,,,,,,,,,,,,,donnees-climatiques-gouvernorat-de-siliana,2024.0,,,,,,Bourouis,,,,,,,,,,
,,,,,,,,,,,,,,,,,,donnees-climatiques-gouvernorat-de-siliana,2024.0,,,,,,Makthar,,,,,,,,,,
,,,,,,,,,,,,,,,,,,donnees-climatiques-gouvernorat-de-siliana,2024.0,,,,,,Bargou,,,,,,,,,,
,,,,,,,,,,,,,,,,,,donnees-climatiques-gouvernorat-de-siliana,2024.0,,,,,,Kesra,,,,,,,,,,
,,,,,,,,,,,,,,,,,,donnees-climatiques-gouvernorat-de-siliana,2024.0,,,,,,Rouhia,,,,,,,,,,
